year	code	title	genre	directors	actors	story	
194	11995	가스등 	스릴러, 드라마	조지 큐커	샤를르 보와이에, 잉그리드 버그만, 조셉 거튼	세계적인 오페라 가수인 앨리스 엘퀴스트가 자신의 집에서 살해되지만 경찰은 범인을 잡는데 실패한다. 이후 이 집을 물려받은 유일한 상속녀인 조카 폴라(잉그리드 버그만)는 이탈리아로 성악 수업을 받기 위해 보내진다. 그러나 폴라는 성악 선생님 집에서 반주를 맡고 있던 젊고 잘 생긴 청년 그레고리(찰스 보이어)와 사랑에 빠져서 중도에 공부를 포기하고 만다. 그레고리와 결혼한 폴라는 10년 만에 런던으로 돌아와 앨리스에게 물려받은 집에서 신혼 생활을 시작한다. 그러나 막상 앨리스의 집으로 들어오고 나자 그레고리는 갖가지 구실을 붙여서 폴라의 외출을 막는 한편 그녀를 정신이상자로 몰고 가기 시작한다.그레고리는 실제 보석 도둑이자 폴라의 아주머니인 앨리스의 살인범으로 그녀가 지니고 있던 유명한 보석을 가로채기 위해 폴라에게 접근했던 것이다. 그레고리의 교묘한 속임수로 인해 폴라는 자신이 사소한 물건을 잃어버리거나 남편의 시계를 훔치고도 기억하지 못한다고 여기게 되고 점점 심리적으로 불안한 상태가 되어간다. 한편 밤마다 방 안의 가스등이 희미해지고 다락방에서 소음이 들리자 폴라는 이 사실을 남편에게 말하지만 그레고리는 오히려 폴라가 상상 속에서 꾸며낸 일이라며 그녀를 미쳤다고 몰아세운다.그런데 예전에 앨리스의 팬이었던 런던 경시청의 브라이언 경위(조셉 코튼)가 그레고리의 수상한 행동을 목격하고 의심하게 되면서 해결의 실마리가 풀리게 된다. 폴라를 찾아온 브라이언은 희미해지는 가스등과 미심쩍은 발자국 소리에 관한 그녀의 얘길 듣고 사건의 진상을 추리해 낸다. 그레고리는 밤마다 근처의 빈집을 통해 자신의 집으로 건너온 뒤 다락방으로 숨어들어 앨리스의 보석을 몰래 찾고 있었던 것이다. 마침내 폴라는 그레고리의 정체를 밝혀내고 자신을 되찾게 된다.
194	19671	갈매기	드라마	이규환	조미령, 박학, 김동규	정애는 대학을 졸업하자마자 동해안에 있는 어느 소년원의 교도원으로 자원해 간다. 거칠기만한 소년들의 행패는 그 정애를 궁지에 몰아 넣는다. 아무리 정성을 다하여도 소년들은 알아 주지 않는다. 그무렵, 서울에서 내려온 애인 병철이 모든것을 체념하고 그만 돌아갈 것을 간청한다. 정애는 망설였다. 그 어느 날 한 소년의 탈출로 지금까지의 정애의 노력이 물거품같이 꺼질 위기에 놓이게 된다. 그때 정애는 만난을 겪은 끝에 그 소년을 찾아 내어 감화시키는데 성공한다. 그것을 계기로 험악하기만 했던 소년원에는 밝고 명랑한 웃음이 흘러 넘치기 시작했다.
194	19675	감격의 일기	다큐멘터리	신경균	최운봉, 김소영, 복혜숙	2차대전 당시 한국인으로 구성된 무용단이 일본 본토로 징용간 한국인을 찾아가서 위문하며 또한 그 가족들을 위로하는 내용의 세미 다큐멘타리적 어용영화이다.
194	19700	거경전	다큐멘터리	방한준	전택이, 남홍일, 서월영	포경선이 큰 고래를 잡아 올리는 내용의 수산 증산용 어용 영화로서 2차대전시의 물자 고갈현상을 극복하기 위하여 제작된 다큐멘터리 영화.
194	16193	검사와 여선생	멜로/로맨스, 드라마	윤대룡	이영애, 이업동, 정웅	주인공 영애는 탈옥수를 집안에 숨겨준 일이 남편에게 탄로나 오해를 받는다. 흥분한 남편은 칼부림하여 아내 영애를 죽이려다가 자신의 실수로 자기가 죽고 만다. 영애는 사람을 죽였다는 살인죄로 검찰에  송치된다. 이 살인 사건을 담당하게 된 검사는 뜻밖에도 영애가 옛날 학교 선생 시절 극진히 돌봐주었던 바로 고학생 그사람이었다. 검사는 옛날 일을 생각하자니 여선생 영애를 풀어놓아 주고 싶었으나 법복을 입고 있는 자신의 입장은 그런 사견을 의식할 수는없었다. 법은 준엄한 것이기 때문이다. 검사는 시간을 두고 차근차근 영애의 증언을 듣고 알리바이도 찾는 한편 이 사건과 관계되는 일이라면 한가지도 놓치지 않고 방증바료로 수집하여 사건의 실마리로부터 결과에 이르기까지 풀어나가기 시작하였다. 결론은 도달하였다. 흥분한 남편이 상대방 영애를 죽일 작정으로 칼을 들고 덤벼들다가 피하는 영애의 옆으로 나뒹굴어 넘어지면서 제가 쥐고 있던 칼로 배를 찔러 죽은 것. 무죄로 풀려나는 영애, 옛날을 생각하며 은사를 향해 속으로 울고 있는 검사와 흐느끼는 방청석, 숙연한 재판장.참고 사항. 현존하는 유일의 무성 영화로 비극적인 멜로 드라마의 전형이다. 표현은 서투르고 투박하지만 인간의 향기가 풍겨난다. 한 여인을 통하여 희생으로 빚어내는 사랑의 원형을 제시하고 있다.
194	19765	고구려의 혼		임운학		삼국통일 시대. 고구려 군사들이 신라군사들과 싸워 패함으로써 결국 고구려가 멸망하기는 하지만 고구려의 혼은 그 후예들의 머리속에 영원히 살아남는다는 내용의 야사적인 국극을 영화화한 작품이다.
194	19768	고려 방직	다큐멘터리	방의석		고려방직회사의 공장내부시설과 공원들의 작업광경 및 제품을 편집 수록한 홍보용 기록 영화이다.
194	11752	골든 보이	드라마	루벤 마물리안	바바라 스탠윅	바이올리스트를 꿈꾸는 젊은이가 프로권투세계에 뛰어 들었다가 환멸을 느끼고 다시 음악 세계로 돌아온다는 과정을 그린 흑백 영화. 조는 음악가로 대성하기가 힘들자 아버지의 만류를 뿌리치고  프로권투 선수가 되기로 결심한다. 무디를 매니저로 맞은 조는 승승장구하는데 갱 두목인 푸젤리가 조에게 눈독을 들이고 접근한다.  조는 사랑하는 로나의 설득에도 불구하고 푸젤리의 비호를 수락한다. 챔피언 전초전에서 조는 상대방을 K. O로 물리치는데 상대가 곧 죽고 만다. 권투에 환멸을 느낀 조는 로나의 설들으로 용기를 얻고 다시 집으로 돌아온다.
194	134726	골칫덩이	코미디	샘 테일러	스탠 로렐, 올리버 하디, 메리 볼랜드	
194	19222	공작 부인	드라마, 멜로/로맨스	윌리엄 와일러	월터 휴스턴, 러스 채터튼	도스워드 자동차 회사의 설립자인 샘 도스워스(Sam Dodsworth: 월터 휴스턴 분)는 미국 굴지의 사업가이다. 경제적으로 안정된 생활 속에서 중년의 삶을 살아가고 있던 어느날, 아내 프랜(Fran Dodsworth: 루스 채터톤 분)의 청으로 은퇴할 것을 결심한다. 사회적 책임에서 벗어나 자유롭게 새 인생을 시작하자는 아내의 소망에 따른 것이다. 샘과 프랜은 주위의 만류에도 불구하고 제2의 인생에 대한 희망으로 유럽 여행을 떠난다. 뉴욕항에서 이들을 배웅하는 친구들과 갓 결혼한 딸 에밀리(Emily: 캐서린 마로 분) 부부. 런던으로 향하는 배 안에서 프랜에게 첫 눈에 반한 아놀드(Arnold Iselin: 폴 루카스 분)는 그녀의 주위를 맴돌며 프랜의 마음을 흔들리게 한다. 처음에는 주저하던 프랜도 20년동안 나무랄데 없는 남편이었던 샘 대신 아놀드를 자신의 변화된 삶 속에 어울리는 동반자로 여기게 된다. 역시 배 안에서 만난 이혼녀 에디뜨(Edith Cortright: 매리 애스터 분)와 함께 샘, 프랜 그리고 아놀드는 런던에 도착한다. 그러나 아내 프랜과는 달리 계속되는 여행과 파티에 싫증을 내고 있던 샘은 집으로 돌아가길 원하고 결국 혼자 돌아가게 된다. 친구들과 딸의 환영 속에서도 아내가 없는 집은 더 이상 자신의 보금자리가 아니라는 것을 깨달은 샘은 프랜을 설득하기 위해 다시 한번 유럽행을 결심한다. 아내의 변화가 사라져가는 젊음을 붙잡고 싶은 마음이라는 것은 이해하기 때문이다. 새로 사귄 친구들과 아놀드와 함께 스위스에 머무르던 프랜은 남편의 도착을 알고 기차역으로 마중을 나오지만 이들 부부는 더 이상 예전의 허물없던 사이가 아니다. 샘은 호털에서 아놀드와 말다툼을 벌이고 딸 에밀리의 임신 사실을 알리는 등 프랜을 집으로 돌아가게 하기 위해 애를 쓴다. 그러나 연하의 아놀드와 새로운 사랑에 빠진 프랜은 다시 집으로 돌아가는 일은 없을 것이라고 샘에게 말한다. 유럽 전역을 돌며 혼자서 쓸쓸한 여행을 계속하던 샘은 베니스에서 우연히 에디뜨와 다시 만나게 되고, 다정하고 침착한 에디뜨와의 생활속에서 평화를 되찾는다. 한편 아놀드 어머니의 반대로 그와의 결혼이 무산된 프랜은 샘에게 전화를 걸어 자신의 곁에 와 줄 것을 부탁하고, 샘은 프랜의 청에 그녀의 곁으로 가지만 두사람의 결혼은 돌이킬 수 없다. 샘은 프랜에게 이별을 고한 후 에디뜨의 곁으로 돌아가고 프랜은 홀로 남겨진다.
194	19862	국민투표	다큐멘터리	최인규	최지애, 박일룡, 권일청	우리나라의 민주선거 사상 최초의 선거였던 1948년 5월 10일 이전에 국민에게 선거의 의의를 인식 시키고 선거제도를 계몽하기 위하여 제작된 교육영화이다.
194	19896	그 얼굴		전창근		그는 조각가다. 그의 아내는 불치의 병으로 신음하며 닥쳐올 죽음만을 기다리고 있다. 그는 아내의 얼굴을 죽기전에 조각하기로 결심한다. 아내의 생명은 시시각각으로 단축되어가고 있었다. 그는 시간에 쫓기며 밤낮없이 초조하게 아내의 얼굴을 조각하기에 여념이 없다. 마침내 아내의 얼굴이 하나의 작품으로 완성되는 날 아내는 한 많은 세상을 떠나고 만다. 그는 조각을 어루만지며 한없이 애통해 했다.
194	19926	그들의 행복		이규환	남홍일, 한은진, 권일청	어촌 출신의 남홍일은 입신 출세의 웅지를 안고 서울로 올라왔으나 기생산홍에게 매혹되어 향락의 세월을 보낸다. 어느날, 아버지가 위독하다는 전보를 받고 고향에 내려간 남홍일은 지난날의 허송세월을 후회하고 다시 진실한 어부로 돌아간다. 여기 산홍이 찾아온다. 그는 산홍에게 지금의 자신의 심정을 솔직하게 털어놓는다. 산홍은 그의 결심에 감동되어 다시 서울로 올라가서 기생생활을 청산하고 여직공이 된다. 남홍일이 경영하는 어장에 운영자금이 딸린다. 그 사실을 안 산홍은 그동안에 예금했던 돈을 찾아서 남홍일에게 보내준다. 그리하여 두 사람에게는 진실한 행복의 문이 열리는 것이었다.
194	19927	그들이 가는 길		임운학	이집길, 채숙희, 임운학	정민은 역적으로 몰려 죽은 친구의 자식을 데려다가 양자로 기르며 오히려 친자식은 유모에게 맡기어 멀리 떠나 살게 한다. 양자의 출세를 위하여 정민은 가산을 탕진하기까지 했지만 장원급제하여 평양감사가 된 양자는 찾아간 정민을 모르는 사람이라고 푸대접한다. 비관한 정민이 대동강에 투신자살하려는 것을 때마침 감사의폭정에 못견디어 자신들도 자살하려던 숙희일가에 의해 구출된다. 이 사실을 알게 되는 암행어사. 그는 바로 정민의 친 자식인 운학이었다. 어사 운학은 배은망덕한 평양감사를 응징하고 숙희일가를 구해준다는 내용의 권선징익의 이조야사이다.
194	16556	그레이트 왈츠	드라마	줄리앙 뒤비비에르	리오넬 앳윌, 허먼 빙	
194	138220	길 잃은 천사	드라마	로이 로랜드	마가렛 오브라이언, 제임스 크레이그, 마샤 헌트	
194	146997	나가자 용기대	드라마, 전쟁	파이트 할란	오토 게뷔어, 크리스티나 소더봄, 구스타브 프로리흐	
194	20045	나는 간다		박기채	최운봉, 남승민, 김령	일제의 군국주의 어용 영화(홍보 영화)라고 한다.어느 마을에 두 친구가 있었다. 한 친구는 군에 지원입대하고 한 친구는 군을 기피하여 숨어 살아간다. 입대한 친구가 고향에 돌아와서 기피한 친구를 설득한다. 천황을 위하여 나라(일본)를 위하여 용감하게 군에 입대하자고. 그리하여 기피했던 친구를 데리고 군문으로 향한다.
194	20063	나라를 위하여		안종화	이희숙, 민혜련, 공국진	지리산 공비토벌대 대장 공국진은 혁혁한 전공을 세우며 간호장교인 동생 희숙의 동료 혜련과 사랑을 나눈다. 그러던 중 공비 두목의 하나인 이원초를 생포하여 그의 부상을 돌봐 주며 그로 하여금 개심케 한다는 내용의 반공 계몽영화이다.
194	137037	남자의 머리	범죄, 미스터리, 스릴러	줄리앙 뒤비비에르	해리 바우어, 발레리 인키지노프	
194	153290	내 남동생은 말과 이야기한다	코미디	프레드 진네만	피터 로포드, 비벌리 타일러	
194	82273	내일을 위한 길	드라마, 멜로/로맨스	레오 맥캐리	빅터 무어, 벨루아 본디	직장에서 은퇴 후 단 둘이서 다정하게 살아가던 바크와 루시 부부는 흩어져 살던 자식들을 불러 모아 은행에 집을 빼앗기게 됐다는 소식을 전해준다. 자식들은 경제적 어려움을 이유로 곤란해 하다가 결국 바크와 루시를 따로 모시겠다고 하고, 부부는 내키지 않아하면서도 어쩔 수 없이 이 결정을 받아들인다.
194	20232	너와 나		허영	문예봉, 이향란, 김신재	한국민족과 일본민족의 동화를 묘사하여 민족을 구별하지 말고 한민족이 되어 잘 살아가자는 내용의 내선일체를 강조하기 위한 홍보 영화.일본 처녀와 식민지 청년의 사랑이야기 속에, 창씨개명을 한 조선 젊은이들이 천황을 위해 지원병이 된다는 내용을 다룬 작품. 김영길, 문예봉 등 일제강점기 유명 배우들이 주연을 맡았으며 당시로서는 드물게 영화음반도 제작되었다. 히나츠라는 일본이름을 가진 조선인 감독 스스로, 한국과 일본 두 민족이 서로를 구별하지 말고 함께 잘 살아가자는 “내선일체”를 강조하기 위해 만든 이 영화는 어두운 한국 근대사가 남긴 치욕적 상처와도 같다. 소실된 프린트 중 20여분 가량을, 극적으로 일본에서 수집해 선보인다.
194	147088	너의 운명은 나에게 있다	범죄	요하네스 마이어	카린 하트, 도로테아 비크, 카를 마르텔	
194	10256	노틀담의 꼽추	드라마, 공포	윌리엄 디터리	찰스 로튼, 세드릭 하드윅	
194	24279	녹색의 공포	미스터리	시드니 길리앗	샐리 그레이, 트레버 하워드	냉정한 나레이터가 영화의 등장 인물 중 두 명 이상이 죽음을 맞게 될 거라고 예고하면서 영화가 시작된다. 2차 세계 대전 중인 영국의 한 시골 병원. 나찌의 폭격이 있긴 하지만 평화로운 곳이었다. 그러던 어느 날, 폭격에 부상을 입은 그 지역의 우편 배달부가 간단한 수술을 앞두고 마취를 받던 도중 사망한다. 수술에 참가한 의사와 간호사 6명 중 하나가 살인자가 될 수 있는 이 상황에서 우체부의 죽음이 계획적이었다고 주장하던 베이츠 간호사가 죽게 되면서 사건은 심상치 않은 결말을 예고한다.한편 런던 경찰청은 카크릴 경위(Inspector Cockrill: 알라스테어 심 분)를 이 지방으로 보내고 카크릴의 조사 끝에 수술에 참가했던 사람들 중 살아남은 5명 모두가 살인 동기를 가지고 있음이 밝혀진다. 빨리 그 살인자를 잡지 않으면 살인자가 또 다른 살인을 저지를 수도 있는 이 상황에서 카크릴은 범인을 잡기 위해 가짜 수술을 준비하고 모두가 그 수술이 진짜라고 믿는 가운데 카크릴은 살인자를 밝혀낸다.
194	30756	농부의 딸	코미디	H.C. 포터	로레타 영, 조셉 거튼	아카데미 여우주연(로레타 영), 남우조연상(찰스 벅포드 분) 노미네이트되어 여우주연상 수상.
194	45860	뉴 문	뮤지컬, 멜로/로맨스, 모험	로버트 Z. 레너드, W.S. 밴 다이크	자넷 맥도널드, 넬슨 에디	
194	137805	당당하게	서부	에드윈 L. 마린	존 웨인, 조지 게비 헤이즈, 오드리 롱	
194	45072	대뉴욕		헨리 킹	알리스 파에, 프레드 맥머레이	
194	20452	대도시		이진	김웅, 염석주, 김미라	대부호인 젊은 사장 김웅과 기술자인 석주는 절친한 사이다. 두 사람은 묘하게도 김미라를 꼭같이 사랑한다. 그 삼각관계에 희비극이 얽히다가 석주의 양보로 김웅과 미라가 맺어진다.
194	147063	대서양비밀	SF, 모험	B. 리브즈 이슨, 조셉 케인	레이 코리건, 로이스 와일드, 몬트  블루	
194	20475	대지의 아들		신경균	김건, 김연희	일제의 강제 징병, 징용으로 희생된 전쟁고아들을 모아 두 남녀 주인공이 역경을 헤치며 따뜻하게 보살피는 내용의 멜로 드라마.
194	20513	독립 전야		최인규	최인규, 최지애, 김신재	해방과 더불어 상해에서 귀환한 김신재는 오빠 인규를 찾아 헤맨다. 한편 만주에서 귀환한 인규는 애인 지애와 동거하고 있었다. 어느날 남매는 통행금지에 발이 묶인 파출소에서 만나게 된다. 때마침 근처에 강도사건이 발생한다. 피해자인 전당포주인은 마침 인규의 애인인 지애의 아버지였다. 아버지는 숨지면서 딸 지애에게 남은 재산을 조국건설에 써 줄 것을 유언한다.
194	20542	돌아온 어머니	드라마	이규환	김연실, 최남현, 손전	배우 최남현의 첫 데뷔작.연실은 남편이 원양어선을 타고 떠난뒤 어린아들 동수를 데리고 갖은 고생을 하며 살아간다. 그러다가 그녀는 지병인 신경통으로 진통제를 과용하게 되어 마침내는 아편중독자로 전락한다. 그렇게되자 그녀는 구두닦이로 생계를 돕는 어린 아들을 구박하기가 일쑤였고 도적질도 예사로 하곤 한다. 어느날, 구두를 훔치다가 들킨 그녀는 모진 매질을 당한다. 마침 구두통을 메고 지나가던 아들이 그 광경을 목격하곤 용서를 빌어 어머니를 구한다. 그랬지만 어머니는 끝내 병이 악화되어 죽고 만다. 천애의 고아가 된 아들은 거리를 방황한다. 그무렵 원양어업에서 돌아온 남편이 처자식을 찾고 있었다. 거리를 방황하던 아들이 그 아버지를 만난다. 슬픔은 가고 희망찬 내일이 그들 앞에 열린다.
194	20649	똘똘이의 모험		이규환	한은진, 복혜숙, 손전	국민학교 같은 반인 똘똘이와 복남이는 어느날 밤 창고에 트럭을 대고 쌀을 훔쳐내는 도적단을 발견하고 그 트럭에 매달려 도적단 소굴에 잠입한다. 도적들의 대화에서 쌀을 북한으로 실어 가려는 것임을 안 똘똘이는 복남이로 하여금 경찰에 알리게 하고 자신은 계속 숨어서 도적단의 행동을 감시한다. 그러다가 도적들에게 붙들린 똘똘이는 모진 매질을 당하여 생명이 위태롭게 된다. 때마침 복남이의 고발로 출동한 경찰이 그 도적단을 일망타진하고 똘똘이를 구출해낸다. 그후 똘똘이와 복남이는 용감한 어린이로 표창된다.
194	10976	라인의 감시	드라마	허먼 슘린	베티 데이비스, 폴 루카스	
194	47900	럭키 파트너	코미디, 드라마, 멜로/로맨스	루이스 마일스톤	로널드 콜먼, 진저 로저스	
194	43297	레 미제라블	드라마	레이몬드 버나드	아리 보르, 찰스 버넬	
194	43284	로미오와 줄리엣	드라마, 멜로/로맨스	조지 큐커	노마 셔러, 레슬리 하워드	
194	46997	로즈 마리		W.S. 밴 다이크	자넷 맥도널드, 넬슨 에디	
194	134650	마거릿의 여행	드라마, 전쟁	W.S. 밴 다이크	로버트 영, 라레인 데이, 마가렛 오브라이언	
194	152640	마법의 활	뮤지컬, 멜로/로맨스	버나드 노울즈	스튜어트 그레인저, 필리스 캘버트, 진 켄트	
194	20687	마음의 고향	드라마	윤용규	최은희, 변기종, 유민	도성(유민)은 산사의 주지 스님(변기종)과 생활하며 불도를 배우는 동승이다. 도성은 산사에 불공을 드리러 오는 젊은 미망인(최은희)에게 모정을 느끼게 되고 아들이 없는 미망인은 동승을 아들로 삼아 키우게 해달라고 주지스님에게 간청한다. 동승의 친어머니(김선영)가 나타나 갈등이 생기지만 아이의 장래를 위해 친어머니는 산사를 떠난다. 미망인이 동승을 데리고 하산하는 날 동승이 새를 덫으로 잡아 죽게 한 것이 탄로나 주지스님은 동승을 속세로 내보내지 않는다. 친어머니가 산사에 다녀간 것을 뒤늦게 알아챈 도성은 어머니를 찾아 산사를 나선다.
194	14109	마음의 행로	드라마, 멜로/로맨스	머빈 르로이	로널드 콜먼, 그리어 가슨	전투 도중 부상을 입고 기억 상실증에 언어장애까지 겹친 챨스(Charles Rainer/John 'Smithy' Smith: 로날드 콜맨 분)는 종전 되던 날 안개를 틈타 수용소를 몰래 빠져 나온다. 그 뒤 챨스는 폴라(Paula: 그리어 가슨 분)를 만나 건강도 되찾고 결혼해 아들도 낳는 한편 작가로 입문하는데 리버풀에 연재기사를 계약하러 혼자 갔다 교통사고를 당해 폴라와 같이 산 세월만 기억을 못하게 된다. 명문의 아들인 챨스는 그 뒤 고향으로 돌아가 사업가로 대성하나 기억하지 못하는 세월 때문에 뭔가 늘 허전해 하며 열쇠를 만지작 거리며 산다. 한편 폴라는 잡지에 난 챨스의 사진을 보고 챨스의 개인 비서로 일하게 되고 사실은 밝히지 않고 챨스를 훌륭히 보필하면서 기억이 되살아 나기만 기다리며 안타까와 한다. 챨스가 국회의원이 되자 둘은 결혼해 형식적인 부부가 되어 폴라는 챨스의 의정활동을 돕다가 끝내는 기억이 되살아나 재회하게 된다.
194	20743	망루의 결사대		금정정	김신재, 전옥, 주인규	조만국경인 만포진에는 국경경비대가 주둔하고 있었다. 겨울이 되면 마적들은 으례히 그 경비대를 습격해 오곤 했다. 어느날 밤 마적단의 일원인 중국인 아들이 그들의 습격계획을 알고 만포진에 살고 있는 가족들을 살리기 위해 찾아온다. 그리곤 가족들을 데리고 피하려 한다. 그러나 아버지는 피하기를 거절하는 것이었다. 오히려 아버지는 그 사실을 경비대에 알려 준다. 드디어 마적들이 습격해왔다. 마적들과 경비대 사이에는 치열한 전투가 벌어졌다. 경비대가 위기에 처했을 무렵, 본서에서 연락을 받고 긴급 출동한 일경들이 가세하여 습격해 온 마적들을 전멸시키고 마을은 다시 평화를 되찾는다는 내용의 어용영화이다.
194	36111	망향	범죄, 드라마, 멜로/로맨스	줄리앙 뒤비비에르	장 가방	페페는 프랑스령인 카스바에서 은둔하고 있는 도둑들의 우두머리로 그 지역 사람들에게 두터운 신망을 받고 있다. 경찰은 도둑질을 하고 카스바로 숨어드는 그의 일당들을 잡아보려고 하지만 매번 페페에 동조하는 그 지역의 거주자들 때문에 실패한다. 어느 날 밤 페페는 경찰의 기습을 피해 달아나다가 마침 그곳을 여행 중이던 미모의 여자와 마주치게 된다. 슬리만 형사와 경찰은 알제리에 숨어든 도둑 페페를 찾는데 혈안이지만, 페페는 번번히 경찰을 골탕 먹인다. 어느 날, 경찰을 피해 달아나던 페페는 미모의 여성 가비와 마주치게 되고 두 사람은 운명적인 사랑에 빠진다. 1930년대 프랑스 영화 중 가장 성공한 영화로 당시 최고의 비주얼이란 평을 받았다. 프랑스 영화의 황금기를 주름잡은 미남배우 장 가뱅의 대표작.
194	29992	모로코 가는 길	모험, 가족, 코미디	데이빗 버틀러	빙 크로스비, 밥 호프	제프(빙 크로스비 분)와 터키(밥 호프 분)가 밀항을 한 상선이 항해를 하던 중 사고로 침몰하면서 두 사람의 모험이 시작된다. 극적으로 생존한 두 사람은 아프리카 해안에 도착하고, 어렵게 사막을 건너 모로코로 가게 된다. 빈털터리였지만 굶주림에 지친 두 사람은 무작정 식당에 들어가 배불리 음식을 먹는데, 그때 나타난 노예상인이 제프에게 돈을 지불하고 터키를 노예로 산다. 터키가 팔려간 후, 양심의 가책을 받고 괴로워하던 제프는 결국 터키를 찾아 나선다. 그리고 웅장한 궁전에 잠입한 제프는 노예로 팔려간 줄 알았던 터키가 모로코 공주(도로시 라무르 분)와 멋진 시간을 보내고 있는 모습을 보고 깜짝 놀란다. 사실 공주는 세력가인 카심(안소니 퀸 분)과 결혼하기로 되어 있었지만, 첫 남편이 비명횡사하게 된다는 점성술사의 예언을 들은 공주가 터키를 희생양으로 선택한 것이었다. 한편, 공주는 터키를 찾아온 제프에게 반하게 되고, 마침 점성술사로부터 예언이 틀렸다는 말을 전해 듣자마자 제프와 결혼식을 올리게 된다. 하지만 소식을 전해들은 카심이 부하들을 이끌고 쳐들어와 공주와 하녀를 납치해 가고, 제프와 터키는 사막에 버려진다. 하지만 두 사람은 사막을 헤매다 카심의 본거지를 찾아내고, 우여곡절 끝에 공주와 하녀를 구출해낸다. 그리고 두 쌍의 남녀는 함께 미국으로 떠난다.
194	153287	모험	드라마, 멜로/로맨스, 코미디	빅터 플레밍	클라크 게이블, 그리어 가슨	
194	19480	모히칸 족의 최후	액션, 모험	조지 B. 세이츠	랜돌프 스콧, 비니 반즈, 헨리 윌콕슨	
194	20811	목단등기		김소동	한림	한을 남기고 죽은 처녀 귀신이 성불하기 위하여 한 남자와 동침한다는 내용의 괴기물이다.
194	20812	목동과 금시계		이용민		항상 목동의 소원은 학교에 가서 공부하는 일이다. 그러나 어머니가 노환으로 누워계신다. 그래서 그는 틈만 있으면 학교로 달려가서 창너머로 공부한다. 어느날, 어머니의 병이 위급했다. 목동은 목장 주인의 금시계를 훔쳤다. 그러나 그는 양심의 가책을 느끼고 그 금시계를 목장 주인에게 돌려준다. 목장 주인은 그 목동의 착한 마음씨를 가상히 여기고 어머니의 병을 돌봐준다는 내용의 단편극영화이다.
194	20840	무너진 38선		윤봉춘		소련에 억류되었다가 자기나라로 귀환하는 일본인들과의 좌담을 통해서 공산국가의 악랄한 만행과 비참한 생활상을 폭로하는 세미 다큐멘타리 작품이라고 한다.
194	19240	무적 타잔 		로버트 F. 힐	버스터 크래브	SF 영화 &amp;lt플레시 고든&amp;gt에도 출연했던 수영 선수 출신의 버스터 크라베가 출연한 첫 타잔 영화.
194	139371	미소하는 인생	코미디	모리스 투르뇌	모리스 슈발리에	
194	151845	미완성 교향곡	드라마	안소니 애스퀴스, 윌리 포스트	마르타 에게르트, 헬렌 캔들러	
194	53633	미인극장	드라마, 뮤지컬, 멜로/로맨스	버스비 버클리, 로버트 Z. 레너드	제임스 스튜어트, 주디 갈랜드	
194	20907	민족의 새벽		이규환	유계선, 김승길, 손전	독학으로 대학을 나온 승길은 군수가 되어 오직 군민들을 위하여 열성을 다한다. 한편 그는 가정에도 충실했다. 그런 그가 부하의 독직사건에 말려들어가 군민들의 분노를 사게 된다. 자신은 결백함을 주장했으나 군민들은 믿으려하지 않았다. 격분한 군민들은 그를 규탄하며 난동을 부리기까지 하는 것이었다. 그는 군민들 앞에 자신의 무능함을 사과하고 부하의 독직사건을 자결로써 책임진다.
194	20908	민족의 성벽	다큐멘터리	전창근		국군 창설 이전의 육상경비대 포병단의 일상생활과 교육훈련과정을 통한 드라마 텃치의 세미 다큐멘타리영화이다.
194	20909	민족의 절규	다큐멘터리	안경호		대통령 이승만의 연설과 업적을 수록한 기록영화.
194	12305	밀회	멜로/로맨스	데이비드 린	셀리아 존슨, 트레버 하워드	평범한 중산층 가정의 평범한 주부인 로라 제슨(Celia Johnson)과 또한 한 가정의 가장인 의사 알렉 하비(Trevor Howard)는 기차역에서 우연히 만난다. 그리고 알렉이 로라의 눈에 들어간 먼지를 빼내 준 일을 계기로 역 부근의 찻집에서 이야기를 나누게 된다. 이야기를 나누면서 둘은 서로 많은 공통점을 갖고 있음을 알게 되고, 매주 목요일역 부근의 찻집에서 만나기로 약속한다. 각자의 가정에 대한 책임감에 번민하지만 어쩔 수 없이 서로에게 이끌리는 두 사람은 매주 목요일은 밀한 만남을 가지면서 더욱더 가까워지고 결국 사랑에 빠지게 된다. 하지만 자신들의 관계가 더 이상 발전하면 안 된다는 것을 깨달은 로라와 알렉은 더 이상 만나지 않기로 하고 각자 반대 방향의 기차를 타고 떠나면서 작별을 고한다.
194	153282	바다의 거인	액션	벤자민 스톨로프	프레스턴 포스터, 빅터 맥라글렌, 이다 루피노	
194	20927	바다의 빛		산중유	김일해, 이정숙, 이금룡	어민들의 협동정신을 고취시키기 위하여 제작된 일종의 계몽어용영화라고 한다.
194	20929	바다의 정열		서정규	이방원, 김길순, 송태호	송호성일당은 정부 길순의 빠아를 아지트로 하여 폭력과 향락을 일삼으며 국제적인 대규모의 밀수를 자행한다. 해양경비대 지휘관 이방원이 그 밀수단의 계획을 탐지하고 해상에서 그들을 추격하여 일망타진한다.
194	69347	바르바리 해안 		하워드 혹스, 윌리엄 와일러	미리암 홉킨스, 에드워드 G. 로빈슨	
194	20953	반도의 봄	드라마	이병일	김일해, 김소영, 서월영	이병일 감독의 데뷔작. 영화제작자 김일해는 무대출신의 신인배우 김소원을 열렬히 사랑한다. 그는 제작 도중에 자금난에 봉착하게 되어 작품을 완성시키지도 못한 채 옥고를 치루게 된다. 어쩔 수 없는 환경에 처하게 된 김소원은 다시는 무대에 서지 않기로 했던 김일해와의 약속을 어기고 다시 무대에 나서서 노래를 부르게 된다. 이때 그동안 옥에서 풀려 나온 김일해가 객석에 앉아서 그녀의 노래를 듣게 되었다. 그 김일해를 발견한 김소원은 노래를 부르다가 그만 졸도하고 만다. 김일해가 무대위로 뛰어 오른다. 그리고 용서한다. 두 사람은 다시 힘을 합하여 미처 끝내지 못했던 작품을 환성시킨다. 영화제 소개글. 일제시대 열악했던 영화현장에 대한 자기반영 영화이다. 영화 속 영화인 &amp;lt춘향전&amp;gt과 현장을 세련되게 넘나들며 당시 상황을 사실적으로 묘사하고 있다. &amp;lt춘향전&amp;gt 제작 현장은 난관의 연속이다. 여주인공은 촬영 도중에 일을 그만두고, 제작비는 바닥이 났지만 투자자는 나 몰라라 돌아서 버린다. 제작을 맡았던 영일은 급기야 공금에 손을 대고 감옥에 갇히게 된다. 역동적인 카메라 움직임, 세련된 편집, 탄탄한 이야기 전개. 일제시대 영화 중 단연코 놀라운 발견이 아닐 수 없다.
194	147061	발레리나	드라마	구스타프 마차티	무시아 안드레이스, 마리안나 바르다스, 지오지오 비안치	
194	20984	밤의 태양		박기채	최은희, 김동원, 한은진	캬바레를 아지트로 하여 암약하는 대규모 밀수단을 민완 형사들이 일망타진한 다는 내용의 밀수 근절을 위한 정책영화이다.
194	33890	백만인의 음악		헨리 코스터	마가렛 오브라이언, 조시 이터비	
194	21025	백범국민장 실기	다큐멘터리	윤봉춘		백범 김구의 장례 실황을 수록한 기록영화이다. 그 실황속에 생존시 (환국이후의)의 그의 활약상이 삽입되었다.
194	151818	백인 황제		어거스트 컨, 안톤 쿠터	구스타프 디슬, 헤르타 티엘, 맥스 바이드너	
194	33881	베니를 위한 훈장	드라마	어빙 피셸	도로시 라무어, 아르투로 드 코도바	
194	138225	벵골의 폭풍	액션, 모험, 멜로/로맨스, 전쟁	시드니 살코브	패트릭 노울즈, 리처드 크롬웰	
194	21088	병정님		방한준	이금룡, 전옥, 김일해	2차대전 말기 일군에 소집되어 전선으로 떠나가는 한국 청년들 부모는 전선으로 떠나 가는 그 자식을 바라보면서 국민된 영광을 느낀다는 내용의 군국주의 어용영화이다.
194	139284	보물섬 소동	코미디, 뮤지컬, 모험	얼 C. 켄튼	버드 애보트, 루 코스텔로	
194	21106	복지만리		전창근	전창근, 유계선, 전옥	만주로 이민간 한국인들은 집단 생활을 하며 벌목 작업을 한다. 그들은 고국에 대한 향수를 협동하는 마음으로 달래며 살아간다. 어느날 이 마을에 작부들이 들어왔다. 그녀들도 같은 한국인이건만 벌목으로 생업을 살고 있는 한국인들을 멸시하고 구박한다. 청년 전창근은 그녀들을 설득한다. 같은 민족끼리 서로 도우며 살아가자고. 그리하여 그는 본보기로 어느 한 작부와 결혼을 한다. 어느덧 작부들도 혼연히 이민집단 대열속에 서게 되었다.
194	151882	부르크 극장	드라마, 멜로/로맨스	윌리 포스트	베르너 크라우스, 호텐세·라키, 올가 체코바	
194	147062	북경의 대동란	범죄, 드라마	허버트 셀핀	구스타브 프로리흐, 레니 마렌바흐, 피터 봅	
194	21152	북한의 실정	다큐멘터리	이창근		북한의 정치 사회 경제 군사면을 사실 그대로 필름에 옮겨 북한 동포들이 얼마나 고된 생활을 하고 있는가를 남한 국민들에게 보여줌으로써 그들의 허울 좋은 선전이 그 얼마나 허무맹랑한 것인가를 인식시켜 반공사상을 고취하고자 제작한 반공 기록영화이다.
194	49101	북해의 남아	액션, 모험, 멜로/로맨스	헨리 헤서웨이	조지 래프트, 헨리 폰다	
194	21167	불멸의 밀사		김영순	박창원	화란 수도 헤이그에서 열린 만국 평화회담에 고종황제의 친서를 품고 밀파된 이준 열사가 일제의 방해로 뜻을 이루지 못하고 분사하는 내용의 전기물이다.
194	153246	불법의 정의	서부	아만드 셰이퍼	잭 혹시, 도로시 걸리버, 도널드 키스	
194	33879	브룩클린의 나무 성장	드라마	엘리아 카잔	도로시 맥과이어, 조안 블론델	
194	96785	블루비어드의 여덞 번째 아내	코미디, 멜로/로맨스	에른스트 루비치	클로데트 콜베르, 게리 쿠퍼	
194	53607	블루스의 탄생	뮤지컬	빅터 쉐트징거	빙 크로스비, 메리 마틴	
194	21340	사랑의 교실		김성민	김웅, 남해연, 이향	화가 김웅은 풍경화를 그리기 위하여 어느 시골 마을에 머문다. 그림을 그리는 동안 한 어린이와 친해지고 그 어린이를 통하여 그의 어머니인 과부 해연을 알게된다. 김웅과 해연은 어느덧 사랑하는 사이가 되었다. 그들은 사랑방에 어린이들을 위한 사랑의 교실을 꾸미고 자칫하면 삐뚤어지기 쉬운 어린이들을 모아 착하고 아름답게 자라도록 선도하도록 힘쓴다.
194	21344	사랑의 맹서		최인규	문예봉, 김신재, 김유호	한국인 국민학교에 부임한 일본인 교사가 한국학생들에게 일본 풍습을 가르치며 일본사람들과 같은 생활을 하도록 권장하는 내용의 황국신민화 정책용 어용영화이다.
194	45652	사랑의 서광	드라마	어빙 피셸	앨런 래드, 로레타 영	
194	152641	사로잡힌 마음	전쟁, 드라마	배질 디어든	마이클 레드그레이브, 레이첼 켐슨	
194	139376	사보이 호텔 217 	드라마	구스타프 우치키	알렉산더 엔젤, 아리베르트 바쉐르	
194	23979	사악한 여자		레슬리 알리스	마가렛 락우드, 제임스 메이슨	
194	21430	산촌의 여명		산중유	이금룡, 최운봉, 이정숙	가난한 마을이 담배를 재배하여 소득을 올림으로써 잘 살게 되었다. 처음에는 이를 반대하던 노인들도 어느덧 설득하던 마을 청년들과 어울어져 열심히 일하게 된다.
194	21468	삼일혁명기		윤봉춘	박성환, 방원, 강석제	1919.3.1.이천만 동포가 봉기했던 3.1 독립운동을 전후한 선열들의 수난사이다.
194	21495	새로운 맹서		신경균	최은희, 독은기, 김연실	여배우 최은희의 첫 영화 데뷔작.일제의 강제징용에 끌려 나갔다가 해방을 맞이하여 고향인 어촌에 돌아온 세 청년은 마을 처녀들과 힘을 합하여 부정과 폐습을 타파하고 황폐한 어촌을 재건해 나간다는 애정과 갈등을 그린 계몽물이다.
194	43283	샌프란시스코	드라마, 뮤지컬, 멜로/로맨스	W.S. 밴 다이크	클락 게이블, 자넷 맥도널드	
194	138222	선원으로서의 2년간	드라마, 모험	존 패로우	앨런 래드, 브라이언 돈레비	
194	21581	성벽을 뚫고	전쟁, 드라마	한형모	이집길, 현인, 서월명	집길과 영팔은 대학 동기동창이자 처남 매부간이었다. 그런데 매부 영팔은 공산주의자요, 처남 집길은 육군 소위다. 매부는 처남을 매수하려고 했고 처남은 매부를 설득하려 했다.그런 가운데 맞이하게 된 여순 반란사건. 처남 매부는 숙명적으로 맞서게 되엇다. 이때도 처남은 매부를 설득하려 했다. 그러나 매부는 처남 가슴에 총을 겨눈다. 처남도 하는 수없이 방아쇠를 당겼다. 매부 가슴에 명중사는 총탄... 공산주의자였던 매부는 끝내 천륜마저도 저버리고 말았다.
194	33848	세계의 어머니	드라마	더들리 니콜스	로사린드 러셀, 알렉산더 녹스	
194	153245	센티멘털 저니	드라마	월터 랭	존 페인, 모린 오하라, 윌리엄 벤딕스	
194	16553	소년의 거리	드라마	노먼 터로그	스펜서 트레이시, 미키 루니	
194	147826	소년의 거리 속편	드라마	노먼 터로그	스펜서 트레이시, 미키 루니	
194	10786	소유와 무소유	스릴러, 전쟁, 멜로/로맨스	하워드 혹스	험프리 보가트, 월터 브레넌, 로렌 바콜	제2차 세계 대전 중인 1940년. 프랑스에 항복한 동부 카리브해 작은 섬 마르티니크는 나치에 동조하는 비시 정부와 프랑스 레지스탕스의 하루가 멀다 하고 벌어지는 싸움으로 조용할 날이 없다. 그러나 미국인 해리 모건 선장은 오로지 사람들에게 배를 빌려 주고 돈을 받는 일에만 관심 있을 뿐, 전쟁에 대해서는 중립을 지킨다. 그렇기 때문에 마침 도움을 청해온 자유프랑스군에게 위험하다는 이유로 거절을 한다. 그러나 “성냥 있어요?”라는 말로 시작된 젊은 미국 여성 마리와의 인연으로 모든 것은 달라진다. 그녀에게 호감을 갖게 된 모건이 그녀를 안전하게 고향으로 돌려 보내기 위한 자금 마련을 위해 프랑스 레지스탕스 리더인 부삭 부부를 돕기로 한 것이다. 그 일로 게슈타포의 눈밖 에 난 모건은 비시 정부의 감시 대상자 명단에 올라간다. 그러나 그는 대담하게 위기를 모면하고 부삭 부부와 에디, 그리고 사랑하는 마리와 함께 자유를 찾아 떠난다.
194	15671	솔로몬 왕의 광산	모험, 멜로/로맨스	로버트 스티븐슨	폴 로브슨, 세드릭 하드윅	
194	21665	수선화		김유영	남승민, 문예봉, 김신재	김유영 감독의 마지막 유작.과년한 신부 유씨는 열세살밖에 되지 않은 신랑에게 시집을 갔다. 그녀의 팔자가 기박했든지 그나마 신랑은 3년이 못되어 죽고 말았다. 20년후 유씨는 친척집에서 아들 동길이를 양자했다. 유씨의 재산을 탐낸 동길의 형제들은 유씨가 같은 링마을의 글방선생과 불륜의 관계를 맺고 있는 양 헛소문을 퍼뜨린다. 마침내 유씨는 마을 호수에 투신자살하고야 말았다. 죽음으로써 자신의 결백함을 입증한 셈이다. 유씨의 유서는 곧 마을 글방선생에게 전해졌다. 글방선생은 비명에 죽어간 유씨의 영혼을 위로하기 위하여 영원한 처녀의 순정을 상징하는 비문을 지어 비석을 세웠다.
194	10426	수업료		최인규	복혜숙	경일 소학생 신문에 입선된 광주 북정공립 소학교 4학년생의 작품을 영화화한 것으로서 집안 살림이 가난한 까닭으로 수업료를 제대로 내지 못하는 소년이 낙심하지 않고 살아가는 모습을 그린 작품이다. 수업료를 내지 못하는 어린 소년을 중심으로 최인규는 차분하고 리얼한 동심의 세계를 아름답게 묘사했다는 평을 받는다. 최인규의 부인인 김신재가 복혜숙과 함께 주연하고 있다. 이 영화는 국내 뿐만 아니라 일본에까지 상영될만큼 크게 성공하였다.
194	21669	수우		안종화	김소영, 전택이, 이금룡	어느 항구의 밀수에 두목 전택이는 캬바레 마담 카나리아와 정을 나누다. 한편 전택이의 처 소영은 남편으로 하여금 개심할 것을 끈질기게 설득한다. 그러나 전택이는 오히려 다른 어마어마한 밀수 계획을 세운다. 그 사실을 안 소영은 한사코 매달리며 만류하다가 남편 손에 들렸던 권총의 오발로 그를 죽게 한다. 소영은 살인죄로 기소되었다. 그 살인사건의 수사관인 이금용이 사제를 들여 변호사를 선임하는 등의 구명운동을 벌여 그녀를 무죄석방케 한다는 내용의 경찰 홍보용 영화이다.
194	13969	스윙 호텔	멜로/로맨스, 코미디, 뮤지컬	마크 샌드리치	빙 크로스비, 프레드 아스테어	
194	153280	스키피오 아프리카누스	드라마, 전쟁	까르미네 갈로네	아니발레 닌치, 카를로 닌치, 포스코 지아체티	
194	21724	승리의 뜰		방한준	최운봉, 전택이, 김한	일제 말기 지원병이라는 미명아래 조선청년들을 강제로 끌어내어 주욱침략에 투입하기 위하여 제작된 어용영화이다.
194	64211	시 호크	액션, 모험, 멜로/로맨스	마이클 커티즈	에롤 플린, 브렌다 마셜	
194	43278	시카고	액션, 드라마, 뮤지컬	헨리 킹	타이론 파워, 알리스 파에	
194	21750	신개지		윤봉춘	이금룡, 고영란, 문예봉	농부의 자식 이금용과 고영란은 서로 정혼한 사이다. 어느날 이금용은 논에 물을 대다가 고기봉과 싸움을 하게 되어 불의의 상해로 그를 치사케 되어 3년의 옥고를 치루게 되었다. 한편 고영란은 다른 사람에게 시집가라는 부모들의 강권을 이기지 못하여 집을 뛰쳐 나간다.옥에서 풀려나온 이금용은 약혼녀를 찾아 사방으로 헤맸다. 그는 어느 금전판에서 작부가 된 약혼녀 고영란을 만난다. 그녀는 비록 금전판에 굴를망정 여자의 목숨과도 같은 정조만은 굳게 지켜오고 있었다. 두 사람은 다시 착한 농부가 될 것을 다짐하면서 깊숙한 산간을 찾아 떠난다.
194	21755	신라의 고적		이창근		신라의 도읍지 경주에 산재하여 있는 고적들을 현지 촬영으로 수록한 문화영화이다.
194	21772	신풍의 아들들		최인규	김신재, 독은기	한국 청소년들을 공군병으로 끌어내기 위한 내용의 군사 홍보물.
194	21795	심판자		김성민	이향, 남해연	독립투사인 이향은 외아들에게 자신의 뜻을 잇게 하려고 고된 훈련까지 시키면서 교육한다. 어느날, 이향의 집에 왜경에게 쫓기는 동지 한사람이 찾아왔다. 이향은 그 동지를 숨겨 준다. 그랬는데 아직 철없는 아들이 왜경한테 시계하나에 매수되어 그 동지가 숨어 있는 곳을 알려 준다. 결국 동지는 왜경에게 잡히는 몸이 되고 만다. 그는 왜경에게 끌려 가면서 이향을 향해 반역자라고 욕한다. 아들의 실수로 동지를 잃은 이향은 그 외아들을 훈련장에 끌어내어 총살하고 조국과 동지앞에 사죄한다.
194	21851	아내의 윤리		김영화	김한, 전택이, 지경순	출판사 직원 김한과 그의 아내 지경순은 행복한 나날을 보내고 있었다. 출판사가 망하고 김한이 실직했다. 그러나 김한은 부인이 실망할 새라 매일같이 도시락을 가지고 출근한다. 월급날을 기다리는 아내. 고민하는 남편. 그 어느날 아내는 남편의 실직을 알았다. 아내는 친구의 소개로 빠의 여급으로 취직한다. 남편에게는 방직공장에 취직했다고 속이고. 그랬지만 결국 남편은 아내가 빠에 나가고 있다는 것을 알았다. 빠로 달려간 남편은 무서운 오해를 하고 아내를 마구 갈기는 것이었다. 아내는 한강물에 몸을 던져 자신의 결백함을 보여 주었다.
194	138224	아드리엔 르쿠브뢰르	드라마	마르셀 레르비에	이본느 프랭땅, 삐에르 프레스니	
194	138221	아르센 뤼팽 등장	범죄, 드라마	포드 비브	찰스 코빈, 엘라 레인스	
194	139285	악마의 인형	SF, 공포	토드 브라우닝	라이오넬 베리모어, 모린 오설리반	
194	33800	안개 낀 부두	드라마, 멜로/로맨스, 스릴러	마르셀 까르네	장 가방, 미켈 시몬	탈영병 장은 군인들의 눈을 피해 바닷가에 위치한 낡은 술집에 몸을 숨긴다. 이곳에서 우연히 아름다운 여인 넬리를 만난 장은 그녀에게 호감을 느끼지만 그녀 역시 누군가로부터 도망치고 있는 중이었고, 자연스럽게 장은 그녀를 위기에서 구해준다. 하지만 두 사람은 얼마 안 가 안타까운 현실과 정면으로 마주한다.
194	21949	안중근 사기		이구영	양백명	나라를 위해 자아를 버리고 일본의 총리대신 이등박문을 만주 할빈역까지 미행하여 그를 저격하고 대련형무소 교수대의 이슬로 사라지기까지의 안중근 의사의 일대기이다.
194	21950	안창남 비행사	드라마	노필	윤봉춘, 박순봉	안창남은 우리나라가 일본에 합병된 데 울분한 나머지 넓은 하늘을 자유롭게 날으며 일본인의 높은 콧대를 꺾기 위하여 온갖 고난 끝에 비행사가 되었다. 그리하여 그는 일본인과의 경쟁에서는 언제나 이겨 우리 민족의 우월성을 과시하기도 했다. 그리고 해방 후에는 항공개발에 앞장서서 후배 양성에도 힘을 기울였다. 이 영화는 비행사 안창남의 전기물이다.
194	139286	알래스카의 정열	액션, 모험, 멜로/로맨스	B. 리브즈 이슨, 존 T. 코일	리처드 알렌, 라일 탤봇	
194	153249	암피트리온	코미디, 판타지	라인홀트 쉰첼	빌리 프리치, 폴 켐프, 케테 골드	
194	21973	애국자의 아들		윤봉춘	김석구, 유계선, 윤태영	독립투사의 아들 태영은 홀어머니 밑에서 가난하게 살아간다. 그러나 그는 굳세고 잘하고 효성도 지극하다. 동리아이들은 그 태영을 가난한 집 아이라고 조롱하기가 일쑤이다. 그때마다 태영은 조국광복에 몸바친 아버지를 생각하곤 애국자의 아들이라는 긍지로 자위하곤 한다.마침내는 동리아이들도 그가 애국자의 아들이었다는 사실을 알게되어 저희들의 잘못을 뉘우치곤 서로 도우면서 사이좋게 지내게된다.
194	110437	애욕	드라마, 멜로/로맨스, 전쟁	장 그레미용	장 가뱅	
194	139374	어느 날 밤의 살인사건	코미디, 범죄, 드라마	로버트 Z. 레너드	콘스탄스 베네트, 클라크 게이블, 스튜어트 어윈	
194	134727	엉터리 무용전	코미디	알프레드 L. 워커	스탠 로렐, 올리버 하디	
194	138223	에벌린 프렌티스	드라마, 미스터리, 멜로/로맨스	윌리엄 K. 하워드	마이어너 로이, 윌리엄 포웰	
194	22162	여명		안종화	이민자, 권영팔, 이금룡	어느 어촌 지서에 근무하는 권영팔 이금용 두순경이 있었다. 권순경이 모범순경인데 반하여 이순경은 그렇지를 못하다. 어느날 밀수배 이한종이 이순경을 포섭하여 밀수품을 양륙한다. 그때 이순경은 라이타를 뇌물로 받는다. 그랬지만 마침내 이순경은 양심의 가책을 느끼고 지서주임에게 사실을 자백함으로써 밀수배일당을 일망타진하고 밀수품도 압수하게 된다는 내용의 민주경찰과 밀수근절을 테마로한 계몽영화이다.
194	22169	여성 일기		홍성기	주증녀, 황남	홍성기 감독과 여배우 황정순의 첫 데뷔작으로 한국 영화 최초의 컬러 영화다.(16밀리) 증녀는 친구의 오빠인 재로를 사랑했다. 그랬지만 그녀는 그에게 본처가 있다는 사실을 알게되자 크게 실망한 나머지 속계와 단념하고 사회사업에 전념할 것을 결심한다. 그래서 세운 것이 보육원. 그러나 여자의 손으로 보육원을 경영해나간다는 것은 그리 용이한 일이 아니었다. 하지만 굽힐 줄 모르는 그녀의 의지는 만난을 극복하고 육영사업을 성공으로 이끈다.
194	22175	여수순천반란사건	다큐멘터리			여순반란 당시에 내무부와 국방부의 후원으로 현지 참상을 수록한 기록영화이다.
194	22183	여인		전창근		
194	148306	여학생 기숙사 소동기	코미디	레오니드 모귀	루시엔 바룩스	
194	149101	영원의 처녀	드라마, 멜로/로맨스	에드먼드 굴딩	샤를르 보와이에, 조안 폰테인, 알렉시스 스미스	
194	56516	옛날 옛적		알렉산더 홀	캐리 그랜트, 자넷 블레어	
194	146886	오페레타	뮤지컬	윌리 포스트	윌리 포스트, 마리아 홀스트, 도라 코마	
194	39409	올림피아 1부: 민족의 제전	다큐멘터리	레니 리펜슈탈	손기정, 남승룡, 레니 리펜슈탈	베를린 올림픽 다큐멘터리로, 오늘날 TV나 영화에서 스포츠 경기를 찍는 방식을 처음 확립한 영화로도 이름 높다.
194	39410	올림피아 2부: 미의 제전	다큐멘터리	레니 리펜슈탈		베를린 올림픽 다큐멘터리로, 오늘날 TV나 영화에서 스포츠 경기를 찍는 방식을 처음 확립한 영화로도 이름 높다.
194	22460	우르러라 창공		김영화	나웅, 김일해, 서월영	학생들에게 항공정신을 앙양시키기 위하여 모형비행기로 기술습득을 교육하는 내용의 일제 군국주의 어용영화이다.
194	10511	우리 집의 낙원	코미디, 멜로/로맨스	프랭크 카프라	진 아서, 라이오넬 베리모어, 제임스 스튜어트	시카모어 가족은 사업가였지만 인생을 즐기는 것에 역점을 두기 시작한 반더호프 할아버지에 의해 이끌어지는 별난 가족이다. 시카모어 가족 일원은 누구나 자신들이 하고 싶은 것을 하며 산다. 할아버지의 딸인 페니 시카모어는 우연히 집으로 타자기가 배달된 것을 계기로 소설가가 되는가 하면 페니의 남편은 지하실에서 폭죽을 만드는 것에 열을 올리고, 또 그 두 부부의 딸인 에씨는 발레 지도 선생의 평가와는 달리 자신이 최고 의 발레리나라고 꿈꾸는가 하면, 에씨의 남편에 드는 일보다는 실로폰을 연주하거나 에씨가 만든 사탕을 하나하나 포장지에 싸서 파는 것으로 시간을 보낸다. 토니는 아버지 덕에 대기업의 부회장이지만 아버지 안소니 커비와 같이하는 비즈니스에는 별 관심이 없고 자신의 여비서 엘리스 시카모어와 사랑에 빠져 어머니의 반대에도 아랑곳 하지않는다. 토니는 고루하고 거만한 부모와 함께 엘리스의 집에 초대되는데, 엘리스의 가족과 인사를 나누고, 결혼의 꿈에 부풀어 있지만 갑작기 경찰이 들이닥쳐 온 가족이 경찰서에 갖히게 된다. 스스로의 계략에 빠진 커비는 극도로 불쾌하고 흥분하는데, 이와는 대조적으로 엘리스의 할아버지와 가족은 유머를 잃지않는다. 경찰서에 들른 토니 아버지의 하수인에 의해 시즈모어 땅을 매입하려는 커비의 수작을 알게 되고, 엘리스 할아버지는 커비에게 인생에 대한 충고를 한다. 이들에 대한 재판이 벌어지나 재판은 아수라장이 되어버린다. 토니는 충격에 아버지를 떠나고 엘리스의 집에 온다. 커비는 이사하는 엘리스의 할아버지를 찾아와 사과하며 온가족이 화해하게 된다.
194	22468	우리들의 전쟁		신경균	최운봉, 독은기, 김일해	남편이 징용에 나가고 아내는 그 남편이 돌아오기를 기다리며 갖은 고생을 참고 견딘다는 내용의 전시 총력전을 강조한 어용영화이다.
194	153250	워털루 가	드라마, 멜로/로맨스, 전쟁	시드니 길리앗	스튜어트 그레인저, 존 밀스	
194	153288	위대한 빅터 허버트	드라마	앤드류 L. 스톤	월터 코놀리, 메리 마틴, 앨런 존스	
194	10585	위대한 지그펠드	뮤지컬	로버트 Z. 레너드	윌리엄 포웰, 마이어너 로이, 루이즈 라이너	
194	22559	유관순	드라마	윤봉춘	고춘희, 이선경, 이일선	1919년 3.1독립운동 당시에 나이 16세의 어린 소녀로써 독립만세 대열에 선봉섰다가 일경에게 잡히는 몸이 되었지만 재판을 거부하는 등의 항일 투쟁끝에 마침내는 형장의 이슬로 사라진 유관순의 순국정신과 짧은 생애를 영화화한 전기물이다.
194	153248	유니언 퍼시픽	서부	세실 B. 드밀	바바라 스탠윅, 조엘 맥크리어	
194	146999	유혹의 봄	코미디	조 메이	얀 키에푸라, 제니 주고, 폴 켐프	
194	22606	윤봉길 의사		윤봉춘	이경선, 고춘희, 정영희	중국으로 망명한 항일투사 윤봉길은 조국광복을 위하여 싸우다가, 1936.4.29 상해에 주둔한 일본군이 천황의 생일을 축하하기 위한 천장절 식장에 잠입하여 폭탄을 터뜨림으로써 왜장 시라가외를 비롯한 많은 일인 고위층을 살상하고 마침내는 일제의 온갖 회유에도 불구하고 끝까지 의지를 굽히지 않은 채 형장의 이슬로 사라진다.
194	148391	일본간첩	드라마, 미스터리	원총미	타오진, 왕하오, 하비광	
194	17628	잃어버린 주말	드라마, 느와르	빌리 와일더	레이 밀랜드, 제인 와이먼	실패한 소설가 돈은 술병을 붙들고 산다. 동생 윅과 시골 농장에 가기로 한 주말을 앞두고 윅이 데이트하러 나간 사이에 돈은 윅이 가정부에게 주려고 숨겨둔 돈을 기어코 찾아내 술집에 간다. 결국 윅은 화가 난 채 혼자 떠나고, 돈은 술값을 마련하려고 소설가의 분신과 같은 타자기를 팔기 위해 거리를 배회한다. 와일더는 알코올 중독자의 처절한 극복 과정을 그리며 전후 미국 사회의 우울한 자화상을 포착해 당대의 공감을 이끌어냈다. (시네마테크 부산) 알코올 중독자의 처절한 극복 과정을 그린 명작. 아카데미 작품상, 감독상, 남우주연상, 각색상 등 4개 부문 수상.
194	27462	자라가는 시절		빅터 사빌	찰스 코번, 톰 드레이크	
194	53477	자매와 수병	뮤지컬, 코미디, 멜로/로맨스	리처드 소프	준 앨리슨, 글로리아 드헤븐	
194	33748	자유를 우리에게	코미디, 뮤지컬	르네 클레르	라이몽 코르디, 헨리 마찬드	
194	22787	자유만세	멜로/로맨스, 드라마	최인규	황여희, 전창근, 유계선	1945년 8월 서울. 독립운동을 하다 일제의 앞잡이 남부(독은기)의 배반으로 체포되어 감옥에 있던 한중(전창근)은 탈출에 성공하여 대학병원 간호부 혜자(황려희)의 집으로 숨어든다. 한중의 지하조직은 예정대로 무장봉기를 일으키기 위해 준비하던 중 박(김승호)이 다이너마이트를 가지고 오다 일본 헌병에 잡히고, 한중은 박을 구출하고 남부의 애인인 미향(유계선)의 아파트로 피신한다. 한중을 숨겨준 미향은 그에게 매료되어 한중의 지하조직이 있는 지하실로 찾아가 정보와 자금을 전달한다. 그 뒤를 밟은 남부와 현병들에 의해 미향은 총에 맞아 죽고, 한중은 총상으로 대학병원으로 옮겨진다. 한중을 사모하던 혜자는 헌병이 잠든 틈을 타 그를 탈출시킨다.
194	22840	장추화 무용	다큐멘터리	최인규		장추화의 현대 발레를 미국에 소개하기 위하여 미공보원 후원으로 제작된 무용 기록영화.
194	22877	전우		홍개명	장진, 전택이, 양훈	제2회 서울시문화상 영화부문상 수상. 공산 학정에 시달리다 못하여 월남한 두형제(장진, 택이)가 구사일생으로 월남하여 형은 국군에, 아우는 경찰에 각기 투신하고 멸공전선에 앞장선다는 내용의 반공영화이다.
194	22894	젊은 모습			복혜숙, 이금룡, 서월영	2차 대전당시의 일제가 한국의 젊은 청년들을 전쟁터에 끌어내기 위하여 제작한 어용영화.
194	138219	젊은 톰 에디슨	드라마	노먼 터로그	미키 루니, 페이 베인터	
194	151825	제14회 올림픽: 스포츠의 영광	다큐멘터리	캐슬턴 나이트		
194	138218	제2국	드라마, 멜로/로맨스	피에르 빌로	장 무랫	
194	17713	제인 에어	드라마	로버트 스티븐슨	오손 웰즈, 조안 폰테인	{Jane Eyre, Chapter 1. My Name Is Jane Eyre... I Was Bern In 1820, A Harsh Time Of Change In England. Money And Positon Seemed All That Mattered. Charity Was A Cold And Disagreeable Word. Religion Too Often Wore A Mask Of Bigotry And Cruelty. There Was..... (제인 에어 제1장. 내 이름은 제인 에어. 나는 영국의 불황기였던 1820년에 태어났다. 돈과 지위가 전부였고 사랑이란 단어는 냉대받던 시절이다. 종교는 편협과 잔혹이란 가면을 쓰고 있었으며 가난하고 불행한 자들이 갈 곳은 없었다. 나는 부모 형제가 없는 고아로 게이트헤드의 리드 숙모님 댁에서 어린 시절을 보냈다. 나는 그녀에게서 따뜻한 말 한마디를 들은 기억이 없다.)} 고아원 출신인 제인 에어(Jane Eyre: 페기 앤 가너 / 조안 폰타인 분)는 어린 시절을 리드(Mrs. Reed: 아그네스 무어허드 분) 숙모님 댁에서 모진 학대와 구박을 받으며 자란다. 어느날 제인을 찾아온 브로클허스트(Brocklehurst: 헨리 다니엘 분)라는 사람은 제인에게 '로우드'라는 고아들을 위한 학교로 가면 어떻겠느냐고 제안한다. 리드 숙모님댁에서의 학대를 벗어날 수 있다는 생각에 제인은 새 생활에 대한 꿈을 안고 로우드로 향하지만 그곳은 학교라기 보다는 차라리 감옥과도 같은 곳이었다.  로우드의 원장 브로클허스트는 많은 학생들이 보는 가운데 제인을 악마로 규정하고 학생들에게 제인과 어울리지 말 것을 경고한다. 하지만 이곳에서 제인은 자신을 이해하고 돌봐주는 헬렌(Helen Burns: 엘리자베스 테일러 분)이라는 친구를 만난다. 하지만 평소에도 폐가 약하던 헬렌은 브로클허스트 원장의 모진 학대를 견디지 못하고 어린 나이에 세상을 뜨고 만다. 그로부터 10년의 세월이 지나 어느덧 숙녀가 된 제인은 로우드에서도 우수한 모범생으로 꼽히게 된다. 야비한 원장 브로클허스트는 제인에게 싼 급여로 로우드에서 학생들을 가르쳐 보라고 권하지만 제인은 이를 거절하고 신문에 광고를 내어 돈필드라고 하는 곳의 가정교사직을 구해 나간다. 돈필드에서 제인은 사랑스러운 어린 소녀 아델의 가정교사를 맡게 되고 행복한 삶을 꿈꾼다. 그러던 어느날 밤, 산책을 하던 제인 앞에 말을 타고 나타난 사람은 다름아닌 에드워드(Edward Rochester: 오슨 웰스 분)였다. 무뚝뚝하고 무례하기까지 한 에드워드의 행동에 처음 제인은 당황하지만 곧 그가 아델의 아버지이자 자신이 일하고 있는 돈필드의 주인임을 깨닫게 된다. 그러던 어느날 이상 야릇한 웃음소리에 잠을 깬 제인은 저택이 화염에 불타고 있는 걸 발견하고 에드워드의 방으로 달려가 자고 있는 이들을 구한다. 이 사건을 계기로 제인과 에드워드 사이에는 알 수 없는 감정이 싹트지만 그 감정을 확인하기도 전에 에드워드는 아무말 없이 돈필드를 떠난다.  그해 겨울이 지나고 봄은 찾아온다. 말없이 집을 떠났던 에드워드는 많은 손님들을 이끌고 돈필드로 돌아온다. 제인은 남몰래 에드워드의 모습을 찾으며 반가워 하지만 에드워드는 제인에게 아름다운 블랑쉐라는 약혼녀를 소개한다. 그날밤 에드워드를 찾아온 정체를 알 수 없는 남자가 심한 부상을 당하는 사건이 발생한다. 에드워드는  제인의 방으로 찾아와 자신이 의사를 데리고 올 동안 그 남자를 돌봐줄 것을 당부한다. 그 다음날 블랑쉐를 비롯해 돈필드로 찾아왔던 손님들이 돌아가는 것을 본 제인은 에드워드가 자신을 또다시 떠났음을 알고 슬퍼한다. 하지만 이때 제인 앞에 나타난 에드워드는 제인의 마음을 확인하고 자신 또한 오래전부터 제인을 사랑하고 있었음을 고백하는데. [스포일러] 행복한 나날들이 계속되고 에드워드와 제인의 결혼식이 있던 날 이들의 결혼에 이의를 제기하고 나타난 사람이 있었다. 그 사람은 에드워드의 부인이 살아있음을 폭로하고 자신이 그녀의 오빠라고 주장한다. 이로써 저택의 꼭대기 방에서 들려왔던 알 수 없는 웃음소리와 그동안 풀리지 않았던 모든 미스테리가 풀리지만 제인은 자신이 더 이상 에드워드 곁에 남아있을 수 없다는 사실을 깨닫고 에드워드를 떠난다. 에드워드를 떠나 리드 숙모님 댁으로 돌아온 제인은 병들어 죽어가는 리드 숙모를 간호하며 그곳에서 지낸다. 그러던 어느날 비바람 속에서 제인은 자신의 이름을 부르고 있는 에드워드의 목소리를 듣고 돈필드로 돌아가야 한다는 사실을 직감적으로 깨닫는다. 하지만 돈필드로 돌아온 제인을 반긴 것은 불에 탄 폐허가 되어 있는 대저택과 그 불길에 눈을 다쳐 장님이 되어 있는 에드워드였다. 제인은 에드워드에게 다시는 그의 곁을 떠나지 않겠다고 맹세하고 이 두 사람은 행복한 삶을 누리게 된다.
194	22961	제주도 풍토기	다큐멘터리	이용민		바람많고, 돌많고, 여자많고, 말(馬)많은 제주도 풍물을 촬영한 문화영화이다.
194	22964	조국의 어머니		윤대룡	주증녀, 허영, 손전	여배우 주증녀의 첫 데뷔작. 독립투사 허영은 일본 헌병에게 모진 고문 끝에 죽고 만다. 그러자 그의 처인 증녀가 남편의 유지를 이어 독립운동에 투신 원수를 갚고 조국 광복의 날을 맞는다.
194	22967	조선해협		박기채	서월영, 김신재, 문예봉	남편이 군에 지원 입대하여 전쟁터로 나갔다. 아내는 남편이 무사히 돌아오기만을 손꼽아 기다린다. 그러나 소식이 없다 남편은 다리에 부상을 입고 요양소에서 요양중이었다. 때마침 그 요양소에는 아내의 친구인 간호원이 근무하고 있었다. 간호원은 어느날 부상병이 떨어뜨린 사진에서 그가 바로 친구의 남편임을 알고 아내에게 연락한다. 그리하여 남편과 아내가 감격의 재회를 한다는 내용의 어용영화이다.영화제 소개글. 성기는 형이 전쟁에서 전사하자 집에 돌아오지만 아버지는 반대하는 결혼을 한 작은 아들을 끝내 외면한다. 고민하던 성기는 형의 뒤를 이어 군에 지원하고 힘들게 생계를 꾸려가던 아내는 혼자 아이를 낳는다. 전쟁에서 부상을 당한 성기와 병으로 죽어가던 아내가 조선해협을 사이에 두고 통화를 하며 가족간의 화해가 이루어진다. 전쟁에 참전하는 것이 곧 가족의 화합과 사랑의 완성이라는 묘한 등식을 이루는 선전영화이다. 그러나 깔끔한 만듦새는 당시 우리 영화의 높은 수준을 확인케 한다.
194	147810	조춘	드라마	라인홀트 쉰첼	릴 다고버, 사빈느 피터스, 제랄딘 카트	
194	22994	죄없는 죄인		최인규	황여희, 박일룡, 황재경	황목사는 일제의 탄압에도 불구하고 기독교인의 자세를 지키지만 송목사는 일제의 어용목사가 되어 버린다. 송목사는 황목사를 모함하여 투옥케한다. 그러나 황목사는 끝내 일제의 온갖 회유와 협박에도 굴하지 아니하고 마침내는 순교하고 만다.
194	23050	지성탑		김정환	방구봉, 이향희	관직에 있는 구봉은 천주교도인 향희를 사랑하고 있었다. 대원군의 쇄국 정책으로 천주교도인 향희가 관가에 잡히는 몸이 되어 형장으로 끌려 가게 된다. 구봉은 온갖 방법을 다하여 향희의 구명운동을 전개하여 가까스로 사면을 받아 형장으로 달려 갔으나 향희는 이미 이 세상 사람이 아니었다.
194	23060	지원병		안석영	최운봉, 이금룡, 문예봉	분옥의 연인인 춘호는 소작관리권을 빼앗겨 생계를 걱정하던 중 조선인도 군대에 지원할 수 있다는 신문 기사를 접하고 군대에 지원한다. 신문의 합격자 명단을 본 악덕한 지주는 마음을 바꿔 춘호의 집안을 돌봐 주기로 결심하고, 춘호는 일장기를 흔드는 인파들의 환송을 받으며 열차에 오른다.한국청년이 애인의 허락을 받고 지원한다는 내용의 군국주의 어용영화이다. 제목부터 노골적인 친일색을 보여주는 작품인데, 징용을 목적으로 제작되었으며, 영화의 시작과 끝을 일장기가 장식한다. 감독 안석영은 ‘독립의 노래’까지 작사했던 인물이었으나 시대적 상황이라는 외압에서 자유로울 수 없었다.
194	139373	진주의 목걸이	코미디, 멜로/로맨스, 범죄	프랭크 보제이즈	마를렌 디트리히, 게리 쿠퍼	
194	23084	집 없는 천사		최인규	김신재, 김일해, 강홍식	앵벌이 생활을 하던 용길은 부랑자 조직에서 뛰쳐 나와 길거리에서 생활하던 중 고아원 사업을 구상 중인 성빈을 만난다. 성빈은 처남 인규의 도움으로 향린원을 건축하고, 용길은 그 곳에서 생활하게 된다. 한편 용길의 누나 명자 역시 우연히 인규의 간호사로 취직하고, 사고로 생명이 위독해진 동생 봉길과 극적으로 해후한다. 고아출신인 문예봉, 김신재, 강홍식이가 불우한 고아들을 선도하여 밝은 내일의 길로 인도한다는 내용의 계몽영화. &amp;lt독립전야&amp;gt &amp;lt자유만세&amp;gt를 연출했던 최인규 감독의 작품으로 ‘향린원’이란 고아원의 실화를 바탕으로 만들었다. 영화의 후반부, 내용과 전혀 관계없이 일장기에 경례하는 장면은 일제 식민 치하라는 시대적 상황을 짐작케 한다. 탄탄한 스토리와 다양한 인물 설정, 실감나는 세트 등 재미와 완성도를 갖추었으며, 김신재는 감독의 부인이다. 영화제 소개글. 향린원을 세워 거리의 고아들을 모아 보살폈던 방성빈 목사의 실화를 영화화한 작품이다.  비참한 식민지의 삶 을 그렸다는 이유로 심한 검열 대상이 되기도 하였지만 결과적으로 가장 높은 평가를 받았던 강점기 조선영화가 되었다. 방 선생의 선도활동과 헤어진 남매의 가족 찾기를 엮어가는 짜임새 있는 이야기 구성과 순수하면서도 결코 순진하지만은 않은 어린이들의 자연스런 연기가 돋보인다. 황국신민으로서의 삶을 강조하는 마지막은 강점기 말기의 혹독한 일본의 정책을 실감케 한다.
194	146892	집시남작	뮤지컬	칼 하틀	안톤 월브룩	
194	23102	창공		이규환	전택이, 문예봉, 독은기	어느 개발 지역에 전기공들이 모여 들었다. 그중 고아 출신의 전공 돌쇠는 그 고장의 술집 딸 순이를 짝사랑했다. 그러나 순이는 미남 전공인 은기를 좋아한다. 마침내 돌쇠는 순이에게 사랑을 고백한다. 그러나 순이는 냉정하게 거절한다. 어느날, 전공중에 성질이 고약한 돼지바우가 그 순이를 으슥한 곳에 유인하여 겁탈하려 한다. 그 위기에서 돌쇠가 순이를 구출해낸다. 그랬지만 순이는 여전히 은기만을 좋아하는 것이었다. 돌쇠는 아무도 모르게 봇짐을 싸들고 그 고장을 떠난다.
194	81182	창공을 달리는 사랑	코미디, 멜로/로맨스	W.S. 밴 다이크	조안 크로포드, 클락 게이블	
194	147089	창살 없는 감옥	드라마	레오니드 모귀	애니 듀콕스, 로저 듀체스네, 지넷 르클레르	
194	24401	처녀의 애정	드라마	콤프톤 베넷	제임스 메이슨, 앤 토드	프란체스카(Francesca Cunningham: 앤 토드 분)는 부모님을 여의고, 친척 니콜라스(Nicholas: 제임스 메이슨 분)의 후견을 받게 된다. 불구의 니콜라스는 냉소적인 사람으로 프란체스카를 최고의 피아니스트로 키우기 위해 혹독한 훈련을 시킨다. 프란체스카가 사랑하는 사람과의 관계까지 전혀 인정을 안 하면서. 그런 니콜라스에게 프란체스카는 두려움과 증오심을 키워 나가고 둘 사이의 분위기는 늘 차갑고 무겁다. 니콜라스 때문에 사랑했던 사람과 이별을 헤야했던 프란체스카는 다시 찾아온 사랑을 애써 거부하려 하지만 열정적으로 다가오는 사랑의 감정에 다시 휩싸인다. 하지만 역시 니콜라스는 프란체스카의 감정을 인정하지 않고, 최고의 피아니스트로서의 자리만을 고집한다. 그러던 중 교통 사고가 일어나 프란체스카는 손을 다치고, 다시는 피아노를 칠 수 없다는 절망감에 자살을 시도하지만 실패한다. 프란체스카는 기억상실증에 걸리는데, 라슨 의사가 최면 요법을 써서 프란체스카 내면에 깊이 자리잡고 있는 강박 관념을 해소시켜 주고 또한 프란체스카와 니콜라스 두 사람이 진정 사랑하고 있었다는 사실을 깨닫게 해 준다.
194	23141	천사의 마음		김정환	방구봉	제2차 대전의 전쟁고아들을 모아서 따뜻한 온정으로 선도해 가는 내용의 계몽영화.
194	46845	철완 짐	드라마	라울 월쉬	에롤 플린, 알렉시스 스미스	1880년대, 미국의 전설적인 헤비급 복서 존 L. 설리반에게 당당히 KO승을 거둔 제임스 코벳의 실화를 바탕으로 만든 영화. 당시만 해도 저급 스포츠로 취급되던 복싱을 신사적인 스포츠로 만들기 위해 스포츠클럽의 회원들은 글러브와 KO룰을 도입시킨 ‘퀸즈베리 룰’을 선보이고, 젊은 복서 제임스 코벳을 발굴한다. (한국시네마테크)
194	23183	청명심		산중유		부자집 학생들이 가난한 집 학생들을 멸시하고 박해한다. 이를 한 선생이 선도하여 마침내는 그들 학생사이에 빈부의 구별없이 서로가 다정하게 열심히 공부하게 했다.
194	23226	청춘 행로		장황연	황정순, 강계식, 오향문	계식과 향문은 대학의 동기동창이다. 부호의 아들인 계식이 향문의 고향으로 등산을 갔다가 길을 잃었을때 우연히도 길 안내를 해준 사람은 향문의 동생인 정순이었다. 두 남녀는 서로 사랑하게 되고 결혼했지만 도회생활에 생소한 정순은 시집에서 갖은 학대를 받다가 소박을 맞고 친정으로 돌아와서 미쳐버린다. 그사이에 계식은 미국유학을 마치고 돌아온다. 친구 향문을 통하여 그간의 사정을 소상히 들은 계식은 정순을 다시 맞아들여 행복해진다.
194	65079	최후의 망루	드라마, 멜로/로맨스	줄리앙 뒤비비에르	아나벨라, 장 가뱅	
194	146891	추억의 노래	뮤지컬	데이빗 버튼	조시핀 허친슨, 조지 휴스턴	
194	134636	카르멘	드라마	크리스티앙 자크	비비안느 로망스	
194	10106	카사블랑카	멜로/로맨스, 드라마	마이클 커티즈	험프리 보가트, 잉그리드 버그만, 폴 헌레이드	중동에 위치한 요지, 모로코의 카사브랑카는 전란을 피하여 미국으로 가려는 사람들의 기항지로 붐비고 있다. 이곳에서 술집을 경영하는 미국인 릭 브레인(험프리 보가트 분)은 이런 와중에 떼돈을 번 유지이다. 어느 날 밤, 반나치의 리더인 라즐로(폴 헨레이드 분)와 그의 아내 일리자(잉그리드 버그만 분)가 릭의 술집으로 찾아온다. 이들 부부는 릭에게 여권을 부탁하러 온 참이었는데 일리자를 본 릭은 깜짝 놀란다. 꿈같던 파리 시절, 릭과 일자는 사랑을 누비던 사이로 잊혀졌던 불꽃이 일자와 릭의 가슴을 뒤흔든다. 이들의 사연을 아는 피아노 주자인 샘만이 두 사람의 추억의 곡을 연주하여 이들이 놀라게 한다. 과거의 이루지 못한 옛 사랑을 위해 일리자를 붙잡아 두고 픈 생각에 번빈하던 릭은 처음엔 냉대하던 쫓기는 몸인 라즐로에게 일리자가 절실히 필요함을 알고 이들을 도울 결심을 한다. 릭은 끈질긴 나치의 눈을 피하여 경찰 서장(끌로드 레인스 분)을 구슬러 두사람의 패스포트를 준비한다. 이윽고 이별의 시간이 오고 온갖 착잡한 마음을 뒤로하고 릭과 일리자는 서로를 응시한 채 일자는 트랩을 오르고 릭은 사라지는 비행기를 한 동안 바라본다.
194	152639	캐러밴	모험, 드라마, 멜로/로맨스	아서 카브트리	스튜어트 그레인저, 진 켄트, 앤 크로포드	
194	139287	콘도티에리	전쟁, 모험	루이스 트렌커, 베르너 크링글러	루이스 트렌커	
194	34011	퀴리 부인		머빈 르로이	그리어 가슨, 월터 피전	
194	31719	퀸 크리스티나	드라마, 서사	루벤 마물리안	그레타 가르보, 존 길버트	그레타 가르보의 많은 명작들 중에서도 최고작으로 꼽히는 명품. 17세기 스웨덴의 여왕이었던 크리스티나의 사랑과 슬픈 비극적 결말을 그린 사극으로, 가르보의 연기가 보석같이 빛을 발한다. 특히 그녀와 길버트의 러브 씬은 영화사상 최고의 씬들로 꼽히며, 사랑하는 사람의 시체를 싣고서 뱃머리를 그의 고향으로 향하는 마지막 장면도 영화사를 장식하는 명 라스트 씬들 중 하나이다.
194	19244	타잔과 녹색의 여신		에드워드 A. 컬, 윌버 F. 맥고프	브루스 베네트	
194	19241	타잔과 친구	액션, 모험	세드릭 기븐스, 잭 콘웨이	자니 웨이스뮬러, 모린 오설리반	
194	14087	타잔의 비밀 보물 		리처드 소프	자니 웨이스뮬러, 모린 오설리반	
194	19242	타잔의 신모험	액션, 모험	에드워드 A. 컬, 윌버 F. 맥고프	브루스 베네트	10종경기선수 출신의 허먼 브릭스가 타잔을 연기한 첫 작품. 그의 타잔 영화는 모두 12편이 제작되었다.
194	23380	태양의 아이들		최인규	문예봉, 최운봉, 김신재	아역배우 이민자의 첫 데뷔작, 한형모 감독의 첫 촬영 데뷔작.어느 섬마을 국민학교 교사 김신재가 학생들에게 내선일체의 정신교육을 시켜 그들로 하여금 군에 자진입대케 한다는 내용의 전시어용영화이다.
194	134725	투우사들	코미디, 뮤지컬	말콤 세인트 클레어, 스탠 로렐	스탠 로렐, 올리버 하디	
194	23419	파시		최인규	최지애, 최혜성, 황정순	뭍을 동경하면서도 끝내 섬에 집착하는 어민들의 생태를 애증속에 묘사한 멜로물. 흑산도에는 성어기인 봄 가을에 두차례의 장이 선다. 그 장을 일컬어 "파시"라고 하는데 그곳 사투리로는 '파수'라고 한다.
194	23454	패자의 수도	다큐멘터리	유장산		보스톤 국제 마라톤 대회의 패자인 서윤복 선수의 피나는 연습과정과 보스톤 마라톤대회 실황을 수록한 장편 기록영화이다.
194	23486	푸른 언덕	뮤지컬	유동일	현인, 한림, 윤일봉	시골청년 현인은 노래에 뛰어난 재질을 갖고 있었다. 현인은 청운의 뜻을 품고 상경하여 콩쿨대회에서 장원을 한다. 그리하여 그는 가수로서 대성하기 시작한다. 그러자 그를 따르는 아가씨들도 많았다. 하지만 현인은 시골에서 사랑하던 금녀와 백년 가약을 맺는다.
194	23494	풍년가		방한중	김신재, 최운봉, 독은기	작년의 한해로 농민들은 기아에 허덕인다. 올해도 가뭄이 심하다. 마을청년 독은기는 친구인 지주 김한을 찾아간다. 벼 몇섬만 돌려 달랜다. 그러나 친구는 냉정하게 거절하는 것이었다. 절망을 안고 허탈하게 돌아섰을 때다. 머리위에 떨어지는 빗방울. 독은기는 하늘을 우러러 보며 환희에 찬다. 달린다. 농민들도 남녀노소없이 들로 달렸다. 갈라졌던 논바닥에 물이 고이고 말라 시들었던 모는 무럭무럭 자라난다. 가을이 왔다. 풍년이 들었다. 온 마을 농민들이 한데 모여 풍년가를 부르며 농악에 맞춰 흥겹게 춤을 춘다.
194	23495	풍랑		우현	민혜련, 송억, 이향자	혜련과 송억은 서로 사랑하는 사이다. 그러나 혜련의 부모는 그녀를 부호이자 권세가인 대감댁으로 시집보내려 한다. 시집가기 전날 밤 혜련과 송억은 몰래 행복을 찾아 달아난다.
194	139288	프라하의 학생		아서 로비슨	안톤 월브룩	
194	18033	프랑스인 조니	코미디, 드라마	찰스 프렌드	톰 월스, 랠프 마이클	
194	137283	한 발은 천국에	드라마	어빙 래퍼	프레드릭 마치, 마샤 스코트	
194	23601	해방된 내고향		전창근	김승호	김승호의 첫 데뷔작. 강제 징용에 끌려 갔던 한국 청년이 해방이 되어 환국한다. 그는 서울에서 일자리를 구하려고 노력하지만 끝내 얻지 못한다. 노숙 걸식하며 시달리기를 한동안 그는 마침내 대오각성하여 고향으로 내려가서 농촌사업에 일생을 바친다.
194	153289	해양법	드라마	오토 브로워	윌리엄 파넘, 월리 앨브라이트, 랠프 아인스	
194	139372	해적	모험	세실 B. 데밀	프레드릭 마치, 프랑시스카 갈	
194	23682	홍차기의 일생		임운학	임운학	아버지가 모함으로 옥살이를 하게 되자 아들 차기는 구걸을 하면서까지 옥바라지를 하던 중, 서울에 가면 나라님께 억울함을 알리는 신문고가 있다는 말을 듣고 와신상담하며 서울에 올라오지만 뜻을 이루지 못한다. 어느날 대제학의 행차가 있었다. 차기는 그 행차에 뛰어들어 대제학께 아버지의 억울함을 아뢴다. 자초지종을 듣고 난 대제학은 차기의 효성에 감탄하여 그의 아버지의 누명을 벗겨주고 옥에서 풀려나오게 해 주었다는 내용의 이조야사이다.
194	11259	황야의 결투	서부, 드라마	존 포드	헨리 폰다, 린다 다넬, 빅터 머추어	전직 보완관이었던 와이야트(Wyatt Earp: 헨리 폰다 분)는 동생들인 모그(Morgan Earp: 워드 본드 분), 버지(Virgil Earp: 팀 홀트 분), 제임스(James Earp: 돈 가너 분)와 함께 멕시코산 소 만마리를 몰고 캘리포니아로 가던 중 황야에 있는 작은 마을 툼스턴 근처에 이른다. 우연히 길에서 목장주 클랜튼 부자(Old Man Clanton: 월터 브래넌 분 / Billy Clanton: 존 아이레랜드 분)를 만나 소를 팔 것을 제안 받지만 서로 가격이 맞지 않아 거절한다. 비도 봅시 내리는 밤인지라 잠시 기분 전환 좀 할겸 와이야트 형제는 막내 제임스에게 소를 돌보도록 하고 툼스턴으로 간다. 면도를 하려고 잠시 이발소에 들른 와이야트 일행은 술집에서 벌어진 갑작스런 총격전 때문에 면도도 못한 채 거리로 나오게 된다. 술집은 온통 난장판이 되고 사람들은 다들 무서워 떨고만 있는데 보안관은 눈 하나 깜빡하지도 않고 몸만 사린다. 이에 와이야트는 술집으로 들어가 난동을 부리는 인디언 불량배를 소탕한다. 이에 읍장 제스는 와이야트에게 보안관 자리를 제의하나 와이야트를 이를 거절하고 캠프로 돌아온다. 그러나 그를 기다리고 이는 건 등에 총을 맞고 죽은 제임스의 싸늘한 시체와 불타버린 포장마차 뿐이고 소 만마리는 온데 간데 없이 사라졌다. 이에 분노한 와이야트 형제는 읍장을 찾아가 당장 보안관 자리를 수락하고 조수로 동생들을 채용한다. 와이야트는 제임스를 죽인 범인으로 클랜트 부자를 의심하나 물증은 없다. 툼스턴의 보안관으로 하루하루를 지내던 와이야트는 술꾼이자 병든 몸이지만 빠른 총솜씨와 다급한 성질로 마을에서 두려움의 대상이 되고 있는 의사 존 할러데이(Doc Holliday: 빅터 머추어 분)를 만나 서로 의기가 투합된다. 그러던 어느날 천상의 선녀같이 청순하고 아름다운 클레멘타인(Clementine Carter: 캐이시 도운스 분)이라는 아가씨가 찾아와 존 할러데이를 찾는다.
194	151881	회의는 춤춘다	코미디	에릭 차렐	릴리안 하비, 콘라드 베이트	
194	23827	흙에 산다		안석영	김일해, 남승민, 서월영	인삼재배를 권장하기 위하여 총독부의 협찬으로 제작된 어용계몽영화이다.
194	23832	희망의 마을		최인규	김신재, 황남, 권일청	우리나라 농촌의 풍물을 소재로 한 해외 홍보용 문화영화이다.
