8690,난 무료로 봐서 잼있었다 이정도면 꽤 볼만 했어. 한국 관객들 수준이 너무 높아 졌다 ㅋㅋ 영상미도 꽤 훌륭했고 전반적인 줄거리가 좀 아쉽지만 이정도 배우로 영화를 찍었다면 감독이 이야기 하고 싶은 것보다 관객이 보고 싶은 것에 좀 더 초점을 맞추는 것이 어땠을까? 하는 아쉬움이 남는다,1
8691,진짜 다들 눈높으가 높으신듯 저는 진짜 잼있게봤는데 ㅠㅠ,1
8692,애새끼 진심 진작에 죽여버렸으면 됐을텐데 기분 더럽게 만드는 영화네 이딴걸 어휴 애새끼 죽이고싶다 진심,0
8693,평점 알바들 고생한다 ㅋㅋ,0
8694,배우들 연기가 좋고 정말 재밌을뻔 했다. 내가 뭘 본거지라고 생각하게 만드는 엔딩.,0
8695,부담없이 보기에 좋았습니다. 재미있습니다. 보세요~ 후회는 안할거 같아요,1
8696,영화 넘재미있어요~ 오늘봤는데 또보고싶네요 ^^,1
8698,재미 있게 봤어요 즐겁게 볼수 있는 영화예요.,1
8699,시작부분 넘 좋았는데 중간에 좀 늘어지는 느낌이 아쉬웠습니다~ 그래도 전체적으로 즐겁게 잘봤습니다 ^^,1
8702,난 좋았는데 요즘 사람들 왜케 화가 나있음.. 재밌었어요 완전 펑펑 울기도 했고,1
8703,이정재 배우로서 좋아했는데 이런 능력이 있을줄은 몰랐네요 점점 조여가는 분위기도 좋았고 인물간의 갈등도 잘 표현된거 같아요 오랜만에 재밌게 본 한국액션스릴러네요 다음작품도 기대중,1
8704,약간 마녀3 예고편같은 느낌이 있음 근데 재밌음,1
8705,가슴이 뜨거워지는 영화 노장은 죽지않았다,1
8706,ㄹㅇ 개재미있음! ㄹㅇ 얼굴 보는 것도 진짜 ㅈㄴ 황홀하고 코믹하고 그냥 북치고 장구치고 갸꿀잼!,1
8708,너무재밌게봤어요 차승원연기에 감탄하면서 봤네요 이거 시골에 살았던 사람은 진짜 차승원이 시골 무식하고 찌질한 노총각 연기를 얼마나 잘하는지 더 잘알거에요.ㅋ,1
8709,썬더가 아인이를 지켜주고 놀아주는 장면도 좋았어요. 썬더와 가드의 케미도 재미있었어요! 가드가 이인에게 해주는 것도 약간 츤데레 느낌(?)도 좋았어요~ 김태리와 류준열의 케미도 재미있었어요!계속 왔다 갔다 해서 좀 그럴수도 있지만 내용도 저한테는 재미있게 느껴줬어요 ^^ 그리고 2번 보면 더 재미있어요! 한번 봤는데 재미있는걸 못 느끼 셨다면 한번 더 봐보세요~,1
8710,이 영화를 총 세 번 봤다. 학생때 한번 20대초에 한번 그리고 오늘. 볼 때마다 새롭다. 그리고 아직 한국의 괴물은 그대로 있다.,1
8711,경찰에 신고는 왜 이렇게 안 할까,0
8712,중국에서 만든 영화인가,0
8713,한 배우의 첫 감독작이다 물론 대사가 나 또한 내 귀가 잘못됐나 싶을 정도 잘 들리진 않았지만 이정재란 배우가 감독으로써 충분히 모든 이들이 공감하고 꽤 완성도 있다는 건 다들 인정한다고 생각 든다 정재형 화이팅 ㅎ,1
8714,개연성 없는 스토리. 한국을 미개한 비문명 사회로 표현함. 어이가 없어서 웃음이 남 ^^ 앤 해서웨이 내가 좋아하는 배우인데 좋은 작품만 찍어주었으면 앤 해서웨이가 저런 장면 찍으면서 무슨 생각할지 궁금함. 그래도 열정적으로 앤 해서웨이에게 1점.,0
8715,주식 관련 영화 찾다가 봤는데 그것관 별개로 잼있게 봤어요.,1
8716,20번은 본 거 같은데 볼 때마다 감동.영화 한 번 보면 다신 안 보는데 이 영화는 20번을 봐도 볼만하네 ㅋ,1
8717,눈도 호강 연기력도 모두 짱~ 넘 재밌게 봤어요,1
8718,저는 1보다 훨씬 더 재미있게 봤어요~! 하나도 안 지루하고 개존잼,1
8719,잘생겼다로 시작 잘생겼다로 끝남,1
8721,하정우 정말 선수 출신인 것만 같아 어떻게 매 작품마다 그 사람 자체가 되는 거죠?! 진짜 대단한 배우! 매력 철철!,1
8722,초반의 긴장감이 전부라서 아쉬운 영화입니다. 너무 많은 것을 표현하려다 모든 것이 무너진 화려한 배우진이 아쉬운 영화 입니다.,0
8723,평점 낮길래 기대 안하고 봤는데 재밌어요! 그것 재밌게 봤으면 재밌게 볼 수 있을 듯,1
8724,4점대는 터무니없다 빠른 전개에 의한 탁월한 액션씬은 전무후무한 영화임 진짜 볼만함,1
8725,신나는 액션과 배우들의 깨알 연기 너무 재밌습니다. 2시간이 순삭,1
8726,현빈 다니엘헤니가 영상미 가득 채워줌,1
8727,공조1 업그레이드 버전,1
8728,영상도 너무 깔끔하고 퀄리티있게 잘 만들었고 고양이에 대한 새로운 사실들을 알게 되어서 좋았어요 ㅎㅎ 모든 고양이가 행복했으면 좋겠어요,1
8729,민식이 형의 진가를 볼 수 있는 영화 더불어 공형진 깨알잼,1
8730,제작진과 주원 배우님이 열심히 노력한 걸 이해하지만 보는입장에선 지루하고 스토리가 아쉬웠습니다. ㅜㅜ,0
8731,최근 봤던 영화 중에 1등인 제발 화장실이 가고 싶어도 참으세요 이 영화는 1분 1초를 놓쳐선 안 되는 영화예요 배우분들 연기도 너무 좋고 스토리도 너무 좋아요 ㅠㅠ 진짜 재밌게 보고 갑니다,1
8732,십대 시절의 아련한 추억이 되살아나는 영화,1
8733,딱 8점 정도 줄수 있는영화 ㅋㅋ,1
8734,여러 번 볼만한 가치가 있다.,1
8735,눈호강했어요 편하게 보기 좋았구 재밌었어요,1
8736,걍 재밌게 볼만했음~,1
8737,해원 존나 싸가지 없어서 죽이고 싶음 살인보다 저런 게 더 암적임,1
8738,뭔가가 부족한 느낌의 영화입니다 제작비 대비 아까운 영화 대사 전달이 너무나 억지로 웃기는 영화 작가 수준이 조금은 모자란 느낌 호화 배우에 비해 스토리도 미흡 이도저도 아닌 영화입니다,0
8739,너무 재미있게 봤습니다. 시간 가는 모르는 집중해서 봤어요 모처럼 영화 감상 잘한 날이었습니다,1
8740,흠 재미가 없음 내 스타일이 아님 거의 영화는 재밌는데 보다 끄고 싶었음. 하지만 끝까지 버팀,0
8741,아주아주아주아주 재미남,1
8742,기대 이상입니다 감동 슬픔 유머 다 있습니다,1
8743,깔끔한 영화라 좋았다. 메타포도 많아서 해석하는 재미 굿!,1
8744,유치뽕짝에 스토리도 별로인데 왜 인기가 많져,0
8745,아 내 시간,0
8746,감독으로도 배우로서도 다 완벽했던 갓정재,1
8748,미국식 신파이지만 그래도 괜찮아.,1
8750,김남길 보려고 겨우 버팀 ㅡㅡ,0
8751,다소 산만할 수 있는 전개를 꽁꽁 묶어 끌고 가는 스토리가 인상적. 시대의 아픔을 드라이하게 담아낸 것도 좋았다.,1
8752,배우 캐스팅만 신경 쓴 것 같음,0
8753,공조1보다 더 재미나게 봤어요 ㅎㅎ 긴장감 주면서 웃음 포인트도 잊지 않고 지겹지 않게 봤네요~,1
8754,이 시대 최고의 재즈 페스티벌,1
8755,추석날 볼까 말까 고민하다 연휴 끝나고 영화 관람 보길 잘했다ㅋ 역시 현빈 다니엘 잘생겼다 ㅎ 전작보단 스릴 있고 스토리도 기대 이상이었음 ㅎ,1
8758,영화 보는 내내 현실에 있을법한 스토리에 감정 이입되어 나라면 저 소녀처럼 할 수 있을까 수없이 되뇌어 봤다. 화가 나고 너무 억울한데 너무 분한데 도와줄 어른도 사회도 없이 잘 이겨내는 아니 어찌 되었든 살아내는 소녀가 안쓰럽고 대견하다. 억울한 일은 왜 약자한테만 생기는지,1
8759,개연성은 어디로 날라가고 카메라 워킹은 모든 장면에 다 그렇게 산만하게 찍을 필요가 있었나 싶다. 액션 장면만 그렇게 찍었어도 괜찮았을 듯,0
8760,한번 본 영화는 영화관으로 다시 보러가지 않는데 인생 처음으로 4회차를 찍었다.,1
8761,기대 없이 봐서 그런가 생각보다 매우 재밌게 봄,1
8762,50년 인생 최애 영화 등극 현빈 다니엘 유해진 진선규 윤아 등등 모두 짱!,1
8763,믿고 보는 캐빈코스트너 그리고 이쁘고 섹시한 엠버허드 감동도 있고 재미도 있고 액션도 개안코 잼나요 특히 가족에 대한 생각을 다시 해보게 된다는,1
8764,1보다 별루 임윤아 연기가 억지스러움 헤니 현빈 연기는 좋았음,1
8765,첫 작품이 이 정도 급이라니 대단하네요,1
8766,할리우드 후속편의 정석,1
8767,올해 개봉작 중 오락성 최고 몇 번이고 다시 봐도 질리지 않는,1
8768,재밌네요 신선하고 군더더기 없이 있을 법한 스토리.,1
8769,KIDS CAN DO ANYTHING!,1
8770,영화야 뻔한 거고 현빈이랑 헤니는 억울해서 나중에 어찌 할배 되냐? 지금 누리고있는 젊고 멋지고 돈많고 유명배우 다 사라질텐데 ㅜ,1
8771,헌트보다 재미있으면 추천 재미없으면 비추 부탁,0
8772,노년을 행복하게 보낼수 있다면,1
8774,ㅋㅋ,1
8777,솔직히 사람 죽는 장면도 많이 나오고 약간 잔인한 장면도 나와서 생각했던 만큼 가족과 함께 즐길 수 있는 통쾌한 액션은 아니라서 조금 당황했지만 중간중간 마다 소소하게 웃음을 주는 포인트가 많아서 좋았음. 다행히 부모님도 재밌다고 해서 영화 선정을 잘했다는 생각이 든다.,1
8778,공짜로 봐도 시간조차 아까움 절대 보지 마시오,0
8779,가족들과 명절 때 부담 없이 볼 수 있었던 영화. 1편보다 재밌고 좋았다.,1
8780,최악최악최악최악최악,0
8781,진짜 액션신 하 끝 영화 완벽함,1
8782,진짜 ㅋㅋ 재밌음 후회 없음 한국 사람이라면 좋아할 것 같음 액션부터 연기 웃음 빠질 게 없음 ㅋㅋ 얼굴 맛집,1
8783,내가 선호하지 않는(=잘 모르는) 타입의 은유 상징 신화적 요소로 가득해서 끝까지 보느라 힘들었다. 그래도 끝까지 볼 수 있었던 것 아직도 영화가 기억에 남는 것은 두 배우의 선 넘은 연기력 덕분이다 (칭찬임),1
8784,우리나라 민주주의의 시작,1
8785,개인의 푸념이 아무리 스타일리쉬하더라도 들어주는데는 한계가 있다.,0
8786,너무 재미있게 봤어요 굿,1
8787,이 감독은 불과 까마귀를 참 좋아하네. 신화가 원래 그런 건가,1
8788,엄청 재밋어요ㅎ,1
8789,허무와 무기력 뒤에 숨은 수많은 요소를 찾는 여정,1
8791,옛날 심형례 우뢰매 같은 느낌인가요?,1
8792,편집 순서를 잘못해서 영화가 산만하게 됨. 초반에 모든 사람을 소개하고 스토리를 펼치니 지루하게 됨. 처음 시작할 때 이안을 소개하는 것이 아니라 신검을 고려시대에 찾는 것부터 시작했어야 함 그 과정에서 이안이 나오고 이안이 도사와 소개하는 과정에서 난 현재의 사람이기도 하고 미래의 사람이기도 해 하면서 그녀가 왜 이 자리에 있게 되었는지 영화 처음 스토리를 풀어놓으면 자연스럽게 외계와 신검 이야기를 풀 수 있음 한마디로 영화 주줄거리는 신검을 찾는 과정인데 이안이 미래로 그리고 성장하는 과정이 영화 초반 이야기가 되다보니 영 흐름이 벗어난 것이다,0
8795,눈호강하다 시간 가는 줄 모름,1
8796,관상 감독 맞아요? 배우들 가지고 이것밖에 못한다는 게 너무 안타까움 초반에는 정말 몰입도 높았는데 중후반부터는 이도저도 아님;,0
8797,가족끼리 잼있게 봤습니다 오랜만에 많이 웃었네요,1
8798,윤아 현빈 다니엘 헤니~ 다 했음,1
8799,억지 감동? 트라우마를 바로 극복,0
8800,재밌고 가족끼리 보기 좋아요,1
8801,시리즈물의 정석! 탄탄한 캐릭터에 재미난 스토리까지~ 그리고 순간순간 터지는 위트까지^^ 3편도 기다려진다~!,1
8802,간만에 영화 재밌게 봤어요 영화 재미없으면 몰입이 안되는데 몰입도 잘 되고 정우성 영화중에 역대급으로 연기 최고임,1
8805,간만에 시간 가는 줄 모르고 봄! 온가족 다 대만족!!,1
8806,와 이거를 왜 이제 봤지 ㅎㅋ 배꼽 빠지는 줄 너무 재밌게 봤어요,1
8807,영상 통화에서 나누는 대화 내용이 ㅋㅋ,1
8808,귀보다 눈호강했던 영화.. 유해진이랑 북한 적군 목소리만 들리고 생각나는 건 현빈 다니엘 헤니 비쥬얼.,1
8809,두돌아기 첫 영화관 아기가 엄마 까투리 좋아해서 봤는데 엄빠가 울고 나왔네요 ㅠㅠ 한국 애니 퀄리티 넘 좋네요! 추천해요 :),1
8810,재밌었습니다. 비행기 테러라 기대하지 않았는데 다른 종류라서 너무 재밌게 봤어요. 미국 일본 관련 억지스럽다는 이야기도 있지만 충분히 공감할 수 있는 이야기였습니다. 계속 긴장감 갖고 볼 수 있어서 좋았어요!,1
8811,애정이냐 복수냐 그것이 문제로 다 사느냐 죽느냐 그것이 문제로다,1
8812,생각보다 괜찮았습니다 유머도 생각보다 좋았고 다만 개연성을 너무 따지면 흥미가 없을 영화입니다,1
8813,잘 가다가 놀이동산 총격씬부터 3류 뽕짝 삽질 영화로 변함 개 쓰레기 영화,0
8814,이해 잘 되고 몰입 잘 되고 연출 좋음,1
8815,공조1보다 재밌음 오랜만에 천만 기대해봅니다~ 아! 현빈 대박,1
8816,정말 재미있었습니다. 온가족이 영화 내내 즐겁게 보고 왔네요. 스토리와 연출이 아주 뛰어납니다. 강력 추천합니다.,1
8817,다니엘 헤니 짱짱 멋지다,1
8818,별 기대 없이 봤는데 보는 내내 재미있었어요~,1
8819,명작입니다 사랑이 많지만 운명에 묶여버린 주인공의 이야기이고 오딘 까마귀 장면에 이은 발키리 장면은 진짜 감탄했고 그냥 영화 내내 멋진 장면들이 계속됩니다. 초반에는 좀 생소해서 그랬는지 살짝 위화감이 있었지만 롱테이크 액션씬과 멋진 장면 연기들이 연속되어 시간 가는지 모르고 봤습니다. 특히 바이킹스 재밌게 보신분이면 더 재밌을듯하고 국내 상영관이 너무 적은게 좀 슬프네요. 듄 이후로 돈 정말 하나도 안 아까운 고마운 영화였습니다.,1
8820,진짜 재밌게 봤네요 믿고 보는배우들 연기도 좋았습니다 일본은 역시 ㅋㅋ 언젠가 섬나라 가라앉을 때 우리는 남해안에서 총이랑 박격포로 군사태세 갖추고 저격해야 될 듯 ㅋ,1
8821,지극히 현실적인 인간 중심의 우주관이어서 덧붙인다. 그 서지는 웜홀에서 빠져나온 멈출 수 없는 에너지여서 탐사선을 폭파한다한들 사라지지 않고 오히려 블랙홀이 생기고 만다. 아버지는 서지의 데이터를 몇십 년간 수집해 외계의 메시지를 기록해두었다. 그러나 아버지는 실패로 보이는 리마 프로젝트 동료를 죽게 했다는 죄책감 때문에 지구에 돌아갈 수 없다. 결국 지구로 가져간 데이터에서 더 진보된 양자역학으로 웜홀을 통과할 수 있는 중력값을 찾았고 거기에 발신된 메시지에서 다른 성단의 행성 좌표가 확인된다. 사령부는 지적 생명체가 있음을 확신하고 다시 팀을 꾸리는데 화성 총책임자인 헬렌의 딸(실은 화성에서 로이와 하룻밤 함께해 낳은 딸 헬렌은 로이를 우주선에 안내한 게 밝혀져 화성 지하 깊숙한 곳 고대도시로 하층민과 피신함)과 이 사실을 모르는 로이가 우여곡절 끝에 함장으로 먼먼 탐사에 나서게 되는데,1
8822,배우들의 연기가 꼭 추천!,1
8823,시간 가는 줄 모르고 봤습니다 마지막에 껄떡대디 말라 명대사 굿,1
8824,감독이 윤아의 올바른 쓰임새 발견,1
8825,연기도 좋고 스토리도 재밋다 처음 보는 현빈 배우님! 멋지고 유해진님 연기 부드럽고 유머러스 다니엘 헤니님 수고하셨어요~ 모든 분 고생 많으셧네용 짱짱짱 스트레스 풀리는 영화에요~ 감사요,1
8826,히히 전 쓰레기를 좋아해요,1
8827,나 진짜 중간에 거북선 머리 들어 갈때 영화관에서 존나 빠겜 그냥 명량 이름 걸고 나온 상류 국뽕 영화임,0
8828,별내용 없고. 현빈 진선규 진지한데 유해진이 주인공으로서의 매력이 없다. 감초인 조연도 아니고 어설픈 남한 형사라는 컨셉의 주인공인데 현빈 다니엘 헤니가 너무 진지하고 가끔 개그 컨셉역도 잘 연기하는 등 비중있게 나오다보니 유해진이 영화 자체에서의 역할과 비중은 크고 노출은 많지만 묻힌다. 영화적으로도 유해진이 문제를 해학적으로 해결하는 게 아니라 특수대원급으로 업그레이드 되어 해결하니 현빈 다니엘에 비해 비중이 더 떨어져 보인다. 흥행과는 별개로 현빈 다니엘 헤니의 두 역할이 돋보여 유해진이 참여하는 후속은 더 지속되기 어려워 보인다.,0
8829,재미있어요!,1
8830,왜 사람들이 그러는지 보고 나니 알겠네 ㅠㅠ 많이 아쉽네요. 주원의 카터처럼 뭔가 따라하고 싶어서 한 것 같은 느낌이,0
8831,솔직히 2022년도 영화 중 젤 재미있었고 N차 관람이 안 아까운 영화 같다 스토리가 특별하진 않아도 배우들의 케미와 유머가 진짜 빵빵 터진다 처음으로 리뷰까지 쓰게 만든 영화 관객수 천만은 훌쩍 넘을 만한 영화,1
8832,진짜 평점 안쓰는데 평점 낮아서 영화관에서 안 보고 집에서 돈 주고 봤습니다 영화관에서 볼 걸 그랬어요 스토리 너무 탄탄한데 평점 왜 이런지 연기 너무 좋고 진짜 재밌게봤습니다!,1
8833,코미디 액션 들어가 있어서 너무 재밌게 봤네요! 얼굴만 보게 되네요,1
8834,옳은 것도 그른 것도 없이 각자의 청춘에서 눈물 흘린 것들에게 최선을 다하기.,1
8835,진짜 최고다 ㅠㅠ bl 드라마와 영화에 획을 그었다고 할 수 있음,1
8836,아 진짜로 너무 재밌다 ㅋㅋ ㅜㅜ 시간 가는지도 몰랐어요 몇 년이고 더 기다릴 테니 공조3 파이널 뽑아주세요 마지막 킬포 껄떡대지 말라우 하,1
8837,1보다 훨씬 나은 영화 끝까지 웃으며 봄 완전 강추,1
8838,존엄하게 살 권리만큼 존엄하게 죽을 권리도 중요하다는 것을 느끼게 하는 영화.,1
8840,수동적이고 무능력한 경찰 가정폭력 한 아이의 성장 스토리 담아내려는 내용은 많고 심오했지만 영화에서의 연출은 많이 부족했던 타임을 절대 이 영화로 킬링하지 마시길!,0
8841,완전 좌빨 영화 그냥 첨부터 끝까지 빨간맛 영화 감독은 위에서 내려왔나? 감성팔이로 대중들을 속이고 물들이는것이 변함이 없다 우리 자랑스러운 대한민족은 똑똑하다 이런 선전 선동에 절대 속지않는다 멸 꽁! (참고로 혹시 본다면 이들은 이렇게 간교하고 교묘하게 파고든다는 사실을 잊지 말자는 교훈을),0
8842,추석 때 가족들과 가볍게 볼 수 있어서 재미있었습니다 공조1을 다시 보기하고 갔더니 더 재미있게 볼 수 있었던 거 같습니다~,1
8843,공조1도 재밌게 봤었는데 개인적으로는 공조2가 더 재밌었어요,1
8845,완전 재미있었음~ 1 할 때도 재미있게 봤는데 2 할 때 기대한 만큼 재미있었음 천만 가자~,1
8847,올해 영화 중 최고였음,1
8848,윤아 너무 이쁘다 진짜 너무 재밌습니다,1
8849,국뽕을 조금 과하게 들이키게 하는거 같은데 나쁘진 않았음 그리고 왜구들은 호구,1
8850,거북선은 왜선을 찢어 (정준하),1
8851,좋은 영화 감사합니다.,1
8852,한국형 오락 영화의 최고봉,1
8854,존잼입니다 올해 본 영화 중에 제일 웃으면서 봤어요,1
8856,생각보다 괜찮게 보았습니다.,1
8857,세계적으로 인정받은 지브리 최고의 명작,1
8858,생각 없이 봤는데 너무 재밌음,1
8859,블록버스터의 의미를 적립시킨 영화,1
8860,한마디로 도전. 한국적+할리우드 마블적인 다소 어이없는 전개는 매우 도전적이다 아쉬운 점은 마치 터미네이터 + 토르 + 전우치 같은 다소 섞어찌개 같음 어쨌든 재미있고 당당하고 뻔뻔한 연출 좋음,1
8861,재밌습니다 여름에 추천해요,1
8862,로망과 액션을 충족하는 오락 영화,1
8863,영화가 맛있다 특히 까메오 황정민 연기는 아주 너무 찰짐 각 선수들의 연기하모니,1
8864,다 좋은데 서현진 연기는 좀 스트레스 히스테릭한 걸 표현하는 건 좋은데 보는 내내 용량 초과,0
8865,너무 재밌게 잘봤어요,1
8867,진짜 개웃겨요,1
8868,진짜 너무 재밌게 봤어요 최고 ㅠㅠ 현빈 다니엘헤니 말해 뭐해! 그와중에 유해진 절대 꿀리지 않음 진짜 다들 연기 최고에 너무 재밌게 봤어요 꼭 보세요 ㅠㅠ,1
8869,코믹하고 볼거리 많은 좋은 타임킬링용 오락 영화였습니다. 스토리 라인이 엉망이라는 관객평이 여럿 있어서 보기 전에 긴가민가했는데 재밌었습니다. 이런 영화에 헤어질 결심 같은 전개를 기대하는 사람은 없으니까요. 장르와 시기에 맞게 최적화된 영화였고 주연 3인방은 보고만 있어도 흐뭇하더군요,1
8870,아니 진짜 탑배우들 데려다놓고 이게 맞냐? 웬만하면 안 쓰는데 시간이 아깝네 뭔 그지같은 전개야 이게,0
8872,원작이 일본 꺼라 왜색이 뜬금없지만 너무 색다른 연출이라 신선하기도 함,1
8873,딸래미와 봤는데 무척 재밌어 했습니다,1
8875,이영애 연기력이 다했다,1
8876,난 왜 1편보다 재밌지 윤아는 진짜 천사인가 오래오래 연기했으면 좋겠다,1
8877,스토리는 뭐 별거 없지만 너무나 아름답고 디테일한 작화와 애들의 디테일한 행동 모션이 예술이다 일본 특유의 섬세한 표현이 지루하지 않고 훌륭하다 무엇보다 애들이 너무 귀엽다,1
8878,2가 더 재미지긴 힘든 법이던데~ 1도 재밌었지만 2는 더 완벽해져서 돌아왔네요~ ^^ ㅎ 껄떡데디 말라~,1
8880,OTT 대작들이 쏟아지는 시대에 굳이 돈 주고는 안 볼 것 같습니다 결말이 궁금하지 않은 영화,1
8881,하나도 안 웃긴 억지 개그씬이나 유치한 대사에 홍콩 영화마냥 무한 탄창 난사 액션 그리고 스토리도 아쉬움 걍 영화관에서 보긴 아깝고 나중에 집에서 킬링타임으로나 볼 만함 이걸 평점 8점 이상급 재미라 느끼는 분들는 왠만한 건 다 재밌게 보실 듯,0
8882,재밌음 그냥 편안하게 보기에는 최고임,1
8883,진짜 너무 재미있습니다 공조1도 재미있게 봤는데 보면 빵빵 터졌고 윤아 배우님이 정말 이쁘고 현빈 유해진 다니엘 헤니 진선규 배우님도 너무 멋있게 나와서 정말 재미있었습니다 이 영화 꼭 보세요,1
8884,너무나도 잘 봤어요 아주 굿,1
8885,스토리 개연성이 없어도 너무 없는 거 아닌지 ; 대사는 어디 쌍팔년도 구닥다리 농담따먹기 영화 시간 반은 졸면서 본 듯 내 기준 킬링타임용으로도 시간 아까웠다,0
8886,옛 향수를 느끼는 건 좋은데 긴 런닝타임에 영지 선생과의 감정선을 더 표현했어야 이해하겠는데 부족한 감이 있어 보이고 전체적으로 밋밋함,0
8887,재밌네요 웃다보니 끝나네요,1
8888,언제부터 인간이 자신의 생명을 이렇게 쉽게 포기했던가 스토리가 너무 엉망,0
8889,공조 1편보다는 덜 재미있지만 볼만했습니다. 소녀시대 윤아의 1편 연기가 좋아서 2편에는 비중있는 조연이고 주연급으로 나오는데 푼수있는기를 잘했고 다니엘헤니가 멋있게 나왔습니다. 미국에서 촬영한 액션신은 괜찮았습니다. 1편의 김주혁 같은 악역이 없어서 아쉬웠습니다. 화려한 화끈한 액션씬과 코믹을 원한다면 보는 걸 추천합니다.,1
8890,전작에 비해 가볍지만 명절에 맞춤이라 좋았음.,1
8891,너무나도 아주 재미있게 잘 봤어요 너무 굿입니다,1
8892,오랜만에 영화 재밌게 봤어요 ㅋㅋ,1
8893,감사합니다 너무나도 굿입니다 아주 굿,1
8894,평이 안 좋아서 기대 없이봤는데 아쉬운 부분도 있지만 재밌었어요,1
8895,너무너무 재미있게 봤어요 개인적으로는 한국영화 액션물 중에 최고라는 생각 들었어요 중간중간 코믹한 부분이 너무너무 좋았습니다 공조3 가야죠~♡,1
8896,이거 중국 영화에요? 근데 한국 배우가 나오네?,1
8897,공조는 무신 놈의 공조 김정은이하고 공조가 되겠니? 의도는 좋다만 현실성 제로,0
8898,정말 유쾌하고 즐겁게 봤음. 스트레스 없는 스토리와 연기력 배우들의 비주얼은 진짜 끝판왕임.,1
8899,와 너무 재밌습니다. 감독에게 박수를! B급 감성 영화라도 이렇게 잘 만드니 최고입니다. 주성치 영화의 현대판+ 속편 기대합니다!,1
8900,이런 식의 스릴러 좋다. 천우희와 이혜영이 이끄는 힘.,1
8901,내가 감독이라도 이것보다 잘 만들 자신 있다 이렇게 판타스틱한 배우를 가지고 이렇게 영화를 만들다니 참으로 이 감독은 자질이 너무 없다 그뿐,1
8902,유쾌한 웃음 짜릿한 액션이 적절히 어우러진 작품! 오락 영화로 이만한 작품도 없는 듯합니다 ㅎㅎ 강추할 만하네요~,1
8903,칼침 이렇게 많이 놓고 재미난 영화가 있었나,1
8904,잘생긴 남자 화면으로 두 시간 보기 14000원,1
8906,영화는 그런 대로 보통으로 봤음 그러나 자막 나오는 부분 전부 다 자막 속도가 빨라서 읽기도 전에 계속 넘어가 짜증 났으며 음향 부분에서 듣기 싫은 소리가 상당히 많이나 굉장히 짜증나게 관람했음 내 평가 점수는 보통 중(中)임,0
8907,추석 연휴 온가족과 함께 즐겁게 볼 수 있던 영화였어요. 현빈 다니엘헤니 너무 잘 생겼고 이와중에 윤아 유해진 너무 웃기고 진선규 배우님 악역 연기도 최고:),1
8909,범죄도시 진선규를 능가하는 진선규,1
8910,겁나 웃긴데요 진심 레전드,1
8911,사건의 전개가 너무 산만하고 결정적인 결말이 애매하고 지루한 전개,0
8912,고릴라 장면 레알울트라 웃겼음,1
8913,추억으로 봄 ㅎ 그저그럼,0
8914,한라산 해서 다시 찍자 사람들은 2012 같은 재난영화를 원하지 뭐 이상한 거 가미된 걸 보려는 게 아님,0
8915,진짜 오랜만에 아무 불편 없이 크게 웃으면서 볼 수 있었습니다!,1
8916,재미있습니다. 코미디 영화면 웃겨야죠. 거기에 JSA 오마주 연출이 좋아요,1
8917,역사 고증 상당히 좋았고 배우들 연기 미쳤으나 오락성이 다소 부족,1
8918,정치인이 이기기 위해 지역감정을 조장했던 과거 역사를 잊지 말길 배우들이 몰입 연기 일품이고 잔인한 장면이 나오지 않아 좋았다 코로나가 아니였다면 더 많은 관객이 봤을 아까운 영화! 결말이 예측되어도 재밌게 봤다,1
8920,연출부터 연기 영상미까지 뭐 하나 빠지는 거 없이 거기다 감동과 정통 오리지날 국뽕으로 정말 심장 부여잡고 봤습니다. 완전 강추추추!,1
8921,현빈 다니엘 팬들이 평점 남긴 듯 ㅡ.ㅡ 하품만 하고 시간만 때움,0
8922,너무 좋아하는 배우들이고 모든 합이 완벽했던 것 같아요 중간중간 웃음 포인트 정말 재밌게 잘 봤어요,1
8923,신파가 있었지만 그럼에도 감동도 있었고 재밌게 봤습니다 배우 감독 스태프 모두 고생하셨고 앞으로도 좋은 작품 보여주세요 화이팅,1
8924,육사오 보고 재미없으면 내 돈으로 환불해 준다. 세상천지 40년 살면서 이렇게 웃어 보긴 처음이네,1
8925,차라리 원작을 뒤틀어버린 요보비치 레지던트이블이 나음 1. 캐스팅 미스(질발렌타인 레온 등등) 2. 캐릭터 해석 개판(레온을 개 ㅂ ㅅ으로 클레어를 영웅으로 만들어놓음) 3. 스토리 개판(게임 1 2를 기준으로 답 안 나오게 난해한 스토리) 4. 연기력 개판 5. 2편을 예시하는 쿠키가있지만 2편 안나왔음 좋겠다,0
8926,윤아랑 딸 나올때 흐름이 한번씩 깨지네요 1보다 유치 그래도 역시 현빈 유해진 조합은 좋았어요,0
8927,시간이 아깝다는 생각을 들게 한 영화 이게 영화냐?,0
8928,돈 주고 안 보길 천만다행이지. 우휴. 내 돈 감성팔이 일본 스토리도 아니고,0
8929,코미디는 유치하고 액션은 멋짐! 진선규 카리스마 짱!,1
8930,유아인 연기는 변하지가않냐 항상 뿔나있는 표정 연기,0
8931,우리나라 CG도 많이 발전하였구나 다시 한번 생각하게 되었고 계속 보게 되었다,1
8932,잔잔해서 조금 지루하게 느껴질 수 있어요. 삶과 죽음 그리고 그것이 자신이나 가족에게 다가왔을때 어떻게 할지 생각하게 되네요. 너무 슬프지만은 않게 풀어내서 좋았어요,1
8934,액션이 좋아요,1
8935,스릴감 짜릿함 농담까지 조합의 어울림 솔직히 아주 볼만했다. 스토리 내용도 나름 괜찮은 수준.,1
8936,감동적으로 보았읍니다,1
8937,배우들이 대부분 주.조연급으로 오랜기간 연기내공 확실한 분들이라 어색할 수도 있는 시나리오로 최대 재미를 뽑아낸 거 같아요. 박세완배우님 너무 러블리했습니다. 제가 고경표였으면 보쌈해서 대한민국으로 데리고 갔음,1
8938,유쾌합니다잉 1000만 가즈아ㅏ,1
8939,반전이라면 마지막에 희망을 발견한다는 내용이겠다. 삶은 고통이라는 것은 뭐 국적초월이며 결이 다른 형태로 이젠 생활의 잔인함을 표현한다. 참 처절하다. 산다는 것이마지막 희망을 발견하기까지 그 고단함 그 어떤 것도 겪고 싶지 않다만 글쎄?,1
8940,음 단순 스토리 눈요기하려면 보고 아니라면 다른 영화로,0
8941,간만에 너무 재미난 한쿡 영화 봤어요 ㄹㅇ 팝콘각,1
8942,1편보다 더 유치하고 진부하고 여쥔공 더 막무가내 그저 가볍게만 보이고 다른 감독이라 혹시나 했는데 역시나 정말 총체적 난국,0
8943,까투리 영화 자주 좀 상영해 주세요 애들이 너무 좋아해요,1
8945,거품낀 호평이 난무해서 봤지만 결과는 대실망이었음. 유치하기 그지 없는 스토리 알맹이 없는 전개와 그래픽 등등 돈아깝다 무료라 해도 안볼듯 1편보다 훨씬 못함,0
8947,전작보다 잼나요 생각보다 볼만해요,1
8948,내용은 없고 재미는 있었다,1
8949,굳이 저런 캐스팅이 필요했나 그리고 현실에서도 정부는 국민을 지켜주지 않는다,0
8950,그저 윤아님이 부러울뿐입니다 눈호강하고 왔습니다,1
8951,지금까지 이런 영화는 없었다.,1
8952,현빈 엄청 멋있게 나오고 윤아도 클럽씬 보고 여자지만 반할 뻔했음 그냥 여자는 겁나 이쁘고 남자는 겁나 잘생긴 눈호강 영화. 꼭 보세용~,1
8953,뭐 중요하나요 인종이. 서로.존중하는 거죠,1
8954,그냥 일본 영화인 줄 그래서 진짜 솔직히 중간에 나갈라 하다가 뒤로 갈수록 나쁘지 않길래 앉아있었음 영화가 애매함 호불호 갈리는 게 아니라 분명 괜찮은데 재미없는 그런 영화 배우들 연기는 잘하더라,1
8955,goodzebraz,1
8956,재밌게 봤습니다~ 액션은 보통이구요 전편보다 코믹적인부분이 더 많았어요,1
8957,믿보배 갓병헌. 임시완과 김남길의 재발견. 그외 배우들의 한결같은 빤한 연기 특수 효과 참담 시나리오 연출 최악. 되도 않는 pc와 반일 반미빨 받으려다 안드로메다.,0
8958,솔직히 유치하지만 나름 재밌게 봤다 그렇지만 이런 영화는 우리나라 영화 발전에 도움이 안 되는 영화다 마치 우리나라 게임계를 완전히 망쳐버린 엔씨처럼 말이다 이런 영화가 크게 흥행을 하게 돼버리면 누가 제대로 된 영화를 만들려고 하겠는가,0
8960,생각 없이 너무 재미있게 봤어요. 무해한 코믹 영화에요! 가족끼리 보기에도 좋고 가볍게 볼 수 있어요.,1
8961,고인의 명복을 빕니다! RIP 당신이 연출한 이 영화는 많은 영화인들의 귀감이 되었습니다! 항상 감사합니다!,1
8962,내용이 재밌는건 둘째치고 사람들 얼굴이 참 재밌습니다. 다니엘 헤니랑 현빈 얼굴이 정말 재밌죠. 보기만 해도 웃음이 납니다. 유해진님 얼굴도 다른 의미로 재밌습니다. 유해진님은 대사도 재밌어요. 대사 자체만 놓고 보면 그렇게 재밌는지는 잘 모르겠는데 유해진님이 해서 그런가 재밌어요. 세 명 얼굴합이 굉장히 좋습니다. 아주 재미있는 얼굴들만 모아놨어요. 네이버 후기를 쓰려면 어떤 점이 좋았나요? 감상포인트를 추천해주세요! 문항에 답을 해야 합니다. 선택항목으로 연출/연기/스토리/영상미/OST가 있거든요? 저는 영상미를 선택했습니다. 다니엘 헤니와 현빈의 얼굴이 아름답기 때문입니다.,1
8963,개 억지 슬로비디오 남발 말도 안 되는 액션신 다수 극한 직업의 뒤를 따라가고 싶어했으나 용두니미로 끝난영화.,0
8964,추석 연휴에 가족이랑 재밌게 봤네요,1
8965,배우 팬은 좋아할 만하다,1
8967,엥 5점 만점에 4.9인 줄 알았더니? ;; 좀 너무 혹평하시네요 ㅠㅠ 스토리 재밌고 개인적으로는 한 번 더 보고 싶습니다! 넷플에서 나온 거니까 넷플 결제하신 분들은 부담 없이 보시길 추천~,1
8968,무조건 영화관 가서 보세요 최고의 영화,1
8969,마지막에 현빈 개멋있음,1
8970,1편보다 더 잼나게 보고 옴. 눈도 호강하고 스토리도 잼났음. 강추요.,1
8971,재밌게 보고 왔어요,1
8972,국뽕을 너무 빼도 재미가 없다. 이순신 장군은 너무 정적이고 별볼일없는 왜장은 과대평가되었다. 거북선이 다 해먹는 스토리도 사실과는 다르다,0
8973,마스크도 안 쓰는 0점짜리 스토리,0
8974,사실 들마 1도 모르고 유명하다고만 해서 극장 시간도 맞고 해서 갔는데 드라마 짜집기인 줄 알고 갔는데 사귄 뒤의 이야기였다니 아다치가 쿠로사와를 뒤에서 왜 만지려고 했는지도 이해 못했는데 ㅋㅋ 그런데 극장판이 전혀 지루하지않아서 바로 드마라 찾아서 봄 완전 빠짐 역시 사귀기 전 드라마가 더 재미있긴 한데 드라마를 보고 난 후에 극장에서 봤으면 정말 감동 자체였을듯함 내용이 너무 순하고 착하면서도 변해가는 모습이 나까지 흐뭇함 감동적이기까지 ㅋㅋ 그리고 일본 특유의 그 삐죽머리 없어서 넘 좋았음 주인공들 외모고 너무 좋아서 놀람 ㅋㅋ 일본 들마 다시 보게 되었음 정말 쳐다도 안 봤었는데 ㅋㅋ 여튼 오티티 뜨면 반드시 다시 봐야 할 듯 지금 사실 극장판은 기억이 거의 안 나 ㅠㅠ,1
8975,완전 재미있어요 ㅋㅋ 또 보고 싶네요,1
8976,대체적인 평들이 볼거리는 풍부하나 전개가 매끄럽지 않고 산만하게 느껴지는게 나뿐만은 아니었군요. 추측컨데 애초에 단편이 아닌 다회작으로 구상 및 촬영 진행하다가 어떤 연유로 인해 단편 출품으로 변경된 게 아닐까 싶네요. 그래서 여러 회작에 나눠 담겼어야 할 액션씬들이 한편에 집중되어 그만큼 볼거리는 화려해졌으나 아무리 신들린 편집을 한들 매끄러운 전개가 될 수 없었고 스토리가 뜬금없이 진행되는 경우가 생긴 듯 합니다. 하지만 그런 점을 감안하더라도 소재가 창의적이고 눈을 즐겁게 하는 CG의 완성도가 상당히 높아서 단순 B급물이 아닌 퀄리티가 있다는 느낌을 받습니다. 개인적으로는 2편에 대한 기대가 됩니다.,1
8977,보는내내 눈이 즐겁다 보는 내내 웃음이 난다 믓지다 잼나다 공조3도 만들어주세요~^^,1
8978,잼씀 남들한테 추천할만함,1
8980,스토리는 비추. 대배우들을 이렇게 많이 출연시키고도 살리질 못하다니,0
8981,명량보다 재밌게 봤어요!,1
8982,특급 배우들을 가지고 저질 영화를 만들다니,0
8983,다크월드급 노잼이넹,0
8984,너무 큰 효과음에 너무 작은 목소리 신경 쓰여서 영화 집중이 안 됨,0
8985,예전부터 명작이라기에 한국 공포 영화 중 명작이 있다고? 이 생각이었는데 드디어 보고나니 납득함 한국 공포 영화 중 원탑인듯,1
8986,넷플 떠서 다시 봤는데 개꿀잼 2편 기대중 ㅋㅋ,1
8987,그냥 내 취향이 아닌갑다 평점이 좋아서 봤는데 지루하기만 하네. ㅋ,0
8988,아메리칸 국뽕으로 살짝 오글거렸지만 개재밌었어요,1
8989,최근 본 영화중 젤 재밋었음 유해진식 유머 좋아~,1
8990,범죄도시1이 진짜 잘 만든 범죄 영화라고 생각했다 2 보고 나서는 범죄도시2가 진짜 잘 만든 범죄 영화라고 생각한다,1
8991,데스노트2에 이은 후속작으로 그냥저냥 볼 만 한데,1
8992,재밌는데 이렇게까지 테러당할 일이 있나? ;,1
8993,윤아 조정석의 케미는 믿고 본다,1
8994,윤썩열 친일파 좋아하는 자위대 역시는 역시였네! 새로운 시도의 영화이지만 대배우 몇명에도 음 크게는 흥행 못 할듯하여 안타까워요.,0
8995,배우들 아깝다 비상상황이다 정말,0
8996,무리한 실사화 등으로 인한 부자연스러움이 덜해요 보는 재미가 있습니다,1
8997,1편이 워낙 재밌고 완성도도 높아서 3번 정도 봤기 때문에 속편이 아무리 좋아봐야 1편을 넘기 힘들거라고 생각하고 큰 기대없이 봄. 범죄도시2를 보고 실망했던 탓도 있었음. 그런데 막상 보다보니 장면장면마다 이거지 소리가 절로 나옴. 너무 완벽해서 뭐부터 칭찬해야 될지 모르겠는데 일단 액션부터가 진부하지 않고 신선하면서 화끈함. 막판에 가서는 거의 미션 임파서블급 액션이었음. 그리고 보여 줘야 될 타이밍에 확실히 뭔가 보여 준다는 게 좋았음. 관람객들 기대가 최고조가 된 타이밍에 딱 맞춰서 시원시원하게 전개를 해버리니까 속이 다 후련함. 다음으로 연기를 크게 못하는 배우가 없음. 주연은 말할것도 없고 특히 믿고 보는 진선규표 악역 연기는 일품이었으며 조연부터 단역까지 연기를 못하는 사람이 없이 다 자기역을 충실히 잘해내서 몰입에 방해받을 일이 없었음. 유머적 요소도 1편보다 탄탄해졌고 억지웃음이 아니라 자연스러운 웃음을 이끌어내는 장면이 많아서 좋았음. 결말도 그냥 끝내면 아쉬우니까 반전을 보여 주는 게 뻔하다면 뻔하지만 그렇다고 얼렁뚱땅 끝내는 것보다 만배 나았음. 결론은 1편보다 전체적으로 업그레이드 됐고 공을 더 들인게 느껴짐. 이건 그냥 재밌는 정도가 아니라 아쉬운 부분이 전혀 단 한 가지도 없을 정도로 완성도가 너무 높아서 경이로울 지경임. 올해 개봉한 영화중에 1 2위를 다툴만한 영화고 당연히 천만은 가볍게 넘어야 되는 영화임. 웬만한 천만 영화를 다 본 사람으로서 장담하건데 천만 영화의 자질을 갖추고도 남음. 올해 개봉작 중에 무조건 봐야 될 영화고 안 보면 후회할 영화임.,1
8998,군필이면 답답해서 못 볼 듯 아무리 B급 감성이지만 영,0
8999,이런 ㅆㄹㄱ 영화는 진짜 만들어지면 안 된다. 개연성도 없고 억맥락도 안맞고 ㅉㅉ 솔직히 1점도 아깝다.,0
9000,흔한 첫사랑 이야기 그래서 공감되고 감정이입 되서 끝나고 나면 화도 나고 기분이 더러워지는 ㅎㅎ 그래서 평점이 좀 낮아진듯요,1
9001,사창리 분위기 만큼 영화 또한 우울하다,1
9002,억지로 웃기려 함. 근데 안 웃김 다니엘헤니는 역시 잘생겼다 현빈을 오징어로 만들어버리는 매직,0
9003,피티장에서 잭 애프론 취해가는 연출은 말이 필요없다,1
9004,아무 기대없이 봐서 그런가 현빈 다니엘헤니 얼굴만으로도 재미와 감동은 충분했고 윤아 진선규님 보는맛도 쏠쏠했네요,1
9005,젊은 배우들의 에너지 넘치는 웃음,1
9006,더할 나위 없이 명예로운 엔딩!,1
9007,유쾌하게 볼 수 있어요 가족 영화로 최고입니다! 다니엘 헤니 영상미 최고 ㅎㅎ,1
9008,기본적으로 감독 웃음 코드가 좀 떨어진다,0
9009,정치적 성향에 미친 사람들 때문에 10점입니다. 영상미 스토리 볼만합니다,1
9010,하 돈 아까워 미치겠네ㅜ,0
9011,현빈 너무 잘생겨서 10점,1
9012,영화 보면 꼭 자는 1인인데 안 자고 잘 웃다가 나왔네요. 연기도 너무 좋고 굿입니다!,1
9013,오랜만에 가족들과 추석 시즌 오락 영화 재밌게 봤네요 가족 영화 강추,1
9014,역시 박찬욱은 변태임,1
9015,엘비스 노래 계속 듣게 됨 ㅋㅋ,1
9016,전 재밌었어요 아이가 너무 안쓰럽고 소담 씨 얼굴 작고 풍성 헤어 이쁘고 송새벽 님은 멋있네요 특유의 말투 빼니 잘생김,1
9017,너무 감동적이였어요,1
9018,시리즈가 계속 나오는 이유가 있다,1
9019,역시 뽀로로가 최고야,1
9020,여러분 천만영화로 만들어 봅시다,1
9021,제 인생영화가 이렇게 또 하나 생기네요 ♡,1
9022,이 배우들을 가지고 대체 무엇을,0
9023,떡밥을 다 회수하지 못한 것 같고 개연성이 아쉽긴 한데 그런 걸 떠나서 그냥 처음부터 끝까지 아무 생각 없이 웃을 수 있는 영화라서 너무 좋았습니다 특히 고경표 배우님의 연기가 너무 좋았어요,1
9024,해석 보고 올게요,1
9025,애런 존슨 너무 조아,1
9026,다시 보고 싶어요 다들 꼭 보세요,1
9027,제발 신파는 클라이막스에 펑 터뜨리면 좋겠구만 초반 빼고 60프로가 신파니 너무 보기 힘듬,0
9028,가족과 추석에 편하게 보기 좋은 영화였음,1
9029,진짜 미쳤어요 두 번 봐야지 너무 재밌다 ㅠㅠ,1
9031,그냥 추석에 가족과 킬링타임으로 보기에 무난한 영화,1
9032,배틀 로얄 류의 또 다른 명작. 이런 장르를 좋아하신다면 추천. 여주인공의 연기의 연기가 일품!,1
9033,킬링타임용으로 볼만해요 안 봐도 상관없음,0
9034,얼굴이 복지다,1
9035,남매 쪽은 연기 좀 별로였는데 개인적으로 토우들이랑 액션이 너무 좋았어요 ♡♡,1
9036,재밌는데? 하도 별로래서 기대 안 하고 봤는데 이정도면 개꿀잼이구만 사람들이 기대치가 어마어마했나 보네 긴장감도 있고 연기는 말할 것도 없고 연출도 좋았고 재난 영화에 억지 신파가 꼭 들어가는데 그것조차도 분량 짧았고 이정도면 개 띵작이구만,1
9037,1점도 아까움. 평점만 올릴랬더니 감상 포인트를 선택하라네. 포인트가 있어야 말이지. 유아인이 왜 문소리가 왜 이런 영화에 나왔을까 의아함,0
9038,잼있었어요~ 3대가 보러가서 행복한 추석이 됐네요!,1
9039,넘 억스럽다는 특히 스토리가 연출도 뜬금표가 많아 뭘 보여 주고 싶은 건지 나이트 클럽씬에서는 자꾸 구씨 생각이 났다는. 사장이 구씨 친한 형 아닌가?,0
9040,추천합니다! 꼭 보세요,1
9041,아이한테 정말 좋은 스토리예요 꼭 보세요,1
9042,감동적이네요 아이랑 꼭 보세요,1
9043,정말 보기 잘했다고 생각이 들었던 영화이다. 웃음도 액션도 얼굴도 맛집이였던 영화,1
9044,가족들과 큰 기대 없이 갔다가 너무 만족하고 왔습니다. 특히 집사람은 그냥 막 웃습니다 잘생긴 배우들 탓이겠죠 ㅎㅎ 저도 편하게 보다가 잘 웃고 나왔네요 1편보다 더 좋습니다!,1
9045,눈물 나는 스토리 추천합니다,1
9046,1편보다 더 재미있어용! 너무 짱! ㅜㅜ 3도 나왔으면 좋겠어용 ㅜㅜ 보는데 너무 재미있어서 끝날까 봐 걱정했어요 ㅜㅜ,1
9047,배우들이 잘생겼습니다.,1
9048,볼만한데 어디서 지령들 받고 왔는지?,1
9049,자꾸 생각나는 영화 박찬욱 감독도 대단하고 두 주인공 연기에 몰입해서 봤어요 박해일 배우 재발견 다시 보고 싶은 영화입니다,1
9050,재미있었어요. 고경표 배우 연기가 훌륭해요. ^^ 가볍게 보기 좋아요. ^^,1
9051,이런걸 완벽한 영화라고 하지?,1
9052,역대 영화 탑 5안에 듭니다,1
9053,추석 연휴에 즐겁게 보기에 딱! 눈이 확실하게 흐믓해지는 영화 ㅎ,1
9054,일본인이 007 시리즈에 똥을 뿌렸다 중국이나 할 법한 자국 문화 끼워넣기와 개같은 개연성 다니엘크레이그만 믿고 봤지만 최악의 작품 그자체,0
9055,미쳤음,1
9056,사랑을 시작하기 위해 죽을 결심을 하는 그녀 못 헤어질 결심으로.,1
9057,겁나 어거지 개연성 제로,0
9058,감동 무슨 말이 필요할까요? 내면의 갈등과 꿈을 향한 도전 이탈리아의 풍경 자유로운 예술가 김호중의 모든것이 들어있는 감동영화 완전 강추합니다,1
9059,내 최애 영화인 어벤져스 이렇게 긴 시간동안 지루하지 않게 넘 재밌게봄! 짱짱!,1
9060,실사화 중 최고란 평에 동감! 칼싸움을 생각보다 잘 표현해서 놀랐다!,1
9061,재밌기만 하구만 평점이 왜 이리 낮은 건지,1
9062,명절 오락 영화 유치해도 웃기는 장면들과 닭살스런 애드립이 좀 유치한대 그래도 30분 웃고 30분만 졸았다.,1
9064,자칫 지루하게 느껴질 수는 있겠으나 대본이 굉장히 촘촘했고 배우들이 말맛을 잘 살린 영화. 문신들의 깊이와 화법을 느낄 수 있고 그 시대의 정치 나라를 생각하는 사람들의 진심어린 충언들을 들을 수 있어 좋았다.,1
9065,본 시리즈 생각나며 정말 재밌게 봄. 액션 멋지네!,1
9066,결국에 독재 정권에서 해방되는 후련함을 보여 주네요,1
9067,재밋는데 얼굴이 제일 재미있음,1
9068,그냥 계속 처음부터 끝까지 잘생겼다,1
9069,난 다니엘만 보여,1
9070,그런 대로 흘러가다가 비행기가 돌 때 영화도 돌아버림. 전도연 장관 어색하고 어이없음. 이병헌 송강호 연기도 별로였음. 그나마 임시완이 연기 괜찮음. 이걸 2백만이나 봤다니,0
9072,스토리는 잘 모르겠지만 웃기긴 정말 웃겼던 영화!,1
9073,적이 핵을 가지고 있으면 아주 큰 변수가 된다.,1
9074,존나 잘생김 겁나 재밌음,1
9075,최근 본 영화 중 제일 잼났어요 액션 코믹 연기 다 완벽해요~,1
9077,스토리는 충분히 예상 가능한 시나리오지만 코미디 액션 얼굴을 즐기기엔 영화관 가서 웃고 털어버릴 괜찮은 영화임,1
9078,기대 안 했는데 엄청 재미있었음,1
9079,영화에 있던 사건을 일부분만 아는 사람의 요약 캐릭터들이 대화를 하며 설명을 함=>총격전=>캐릭터가 죽음=>또 대화를 하며 설명을 함이게 영화 끝까지 반복됨 ;,0
9080,김호중 가수가 살아온 길 간직하고 있는 꿈 그리고 한 계단씩 꿈을 향해 나가는 모습 등을 진솔하게 담아내어서 좋았습니다. 특히 콘서트 현장감은 살린 스크린X와 음향 등으로 2집 앨범 수록곡들을 무대에서 직접 들려주는 듯 부른 곡들을 들을 수 있어서 황홀 그 자체였습니다 이번엔 혼자서 한번 더 감동을 느끼고 싶습니다,1
9082,수리남에 남자 캐릭만 나온다고 여기자님들 젠더 감수성 부족이라고 수리남 까드만 ㅋㅋ 이건 여자만 나오는데 젠더 감수성 부족 아닌가 ㅋㅋ,0
9083,일단 장르가 무엇인지도 모르겠고 지루했다,0
9084,최고의 전쟁 영화. 소름 끼친다 실화라니!,1
9085,재미있다. 뭉클하네. 그립다 청춘. 액션 좋다,1
9087,음 현빈 때문에 봤지만.,0
9088,흠 도대체 뭐가 아찔하고 설레다는 건지 대충 줄거리 보고 예상은 어느 정도 했지만 스토리나 영화 속 캐릭터들 자체가 뭔가 가볍고 유치하고 막무가내 철딱서니 없다는 느낌이 종종 들었던 주연 배우들 연기도 그다지 그냥 뻔하고 평범한 초반 영화 사랑보다 아름다운 유혹도 연상되고 배경 음악만 Good,0
9089,재밌어서 볼 만함 ㅋㅋ 추천,1
9090,엄마랑 추석에 재밌게 봤던 코미디! 웃긴 포인트들도 꽤나 많음,1
9091,마지막에 거북선 등장할 때 최고,1
9092,아는 맛이 무서운 맛 같은 영화 참 맛있음,1
9093,억지 웃음 요소가 너무 많아서 뭐지 싶었음,0
9094,컬트적이다. 마치 광신교와 그 신도들을 보는 듯한 이질감이다.,1
9095,오락용 영화로는 최고였다 보면서 전율이 쫙 ㅋㅋ 재밌었음,1
9097,여주도 맘에 들고 프레데터도 맘에 들고 액션도 좋고 너무너무 재미남 꼭 한번들 보세여 후회 안 함,1
9098,임시완 님 연기는 볼 때마다 놀랍네요 소름 끼치는데도 멋있네요 기대하든 영화였는데 임시완 님 빼곤 너무 실망했네요,1
9099,공조1에서는 웃음보다 액션에 취중했다면 이번 공조2는 웃음+액션 2가지를 다 잡음. 현빈도 재밌게 나오고 전체적으로 지루하지 않았음,1
9100,평점이 은근 낮아서 별로 기대를 안 했었는데 생각보다 너무 재미있게 봤던 것 같아요 중간중간에 살짝 유치한 부분도 있었지만 개인적으로 정말 재밌었어용,1
9101,후기가 노래만 좋다고 해서 기대 안 하고 봤는데 진심 영상미 노래 줄거리. ㅠㅠ 다 감동쓰 재밌어요 ㅠㅠ,1
9102,현빈 더 멋있어졌고 코믹도 업그레이드 된 거 같아요 상차림에 살짝 지친 추석 연휴 재밌게 잘 봤어요 ^^,1
9103,카액션이 쓰릴 있고 멋지고 여주인공이 멋있어요~ 대단한 걸 하고도 별일 아니란듯 부리는 여유와 쿨한 연기 너무 좋았어요~,1
9104,눈호강 했다 ㅎ 행복 ㅎㅎ,1
9105,서영희 배우 연기 빼고는 모르겠는 영화 ㅠ 개연성도 부족하고 아빠가 제일 불쌍,0
9106,정말 노잼~ cg두 떨어짐,0
9107,액션은 볼만했는데 스토리가 시대역행 아닌지?,0
9108,개인적으로 벤이 해미를 죽였다고 생각 안 합니다. 종수가 벤이 해미를 죽였다고 의심하는 걸 알면서 오히려 즐겼다는 생각이 들었구요 타이밍에 맞춰서 고양이를 데려온 이유도 요 비닐하우스 얘기도 그냥 허세일 뿐 진짜 태우진 않았을 거라고 생각해요 종수가 태운 비닐하우스를 본 적이 없는데 진짜 태운 거 맞냐고 물어보잖아요 해미랑 종수는 대마를 하는데 제 예상으로는 해미랑 벤은 이미 수십 번 관계를 가졌단 뜻이구요 파주에서 셋이 대마할 때 해미는 난 대마만 하면 웃음이나 이 대사에서요 이미 벤하고 여러 번 대마를 하면서 관계를 가진 겁니다. 다들 벤의 집에 해미의 시계를 발견한 부분에서 죽였다 라고 확신을 가지시는데 관계를 여러 번 가졌다면 시계를 두고갈 가능성 충분하죠 그걸 버리지않고 간직하는 이상한 변태끼가 있는 벤이 있을 뿐이구요 종수는 그저 자기가 OO라고 한 부분 사랑하고 있는 마음 그 두 가지만 가지고 행방된 해미를 찾았을 뿐이라고 생각했구요 해미는 빚이 많고 돈이 없으면서도 아프리카 여행을 다니고 안정적이지 않는 직장을 다니는 대범함이 있었어요 저는 충분히 죽지 않고 살아있는 가능성을 생각했습니다 벤이 굳이 해미 집을 치울 이유도 없다고 생각했구요 여러 번 보다 보면 생각했던 상황은 바뀝니다. 종수가 벤을 죽인 장면에 너무 많은 초점을 가질 필요는 없다고 생각하네요,1
9109,그들이 묻는다. 사랑의 원형이 무엇인지. 글로 치자면 시의 어디쯤 있는 영화. n차 관람의 이유가 있는 영화. 박찬욱 감독이 가장 대중적 시선으로 최고의 내공을 보여준 영화. 박해일과 탕웨이의 대체 역할이 떠오르지 않을 영화. 마음 한켠을 붕괴시키는 영화.,1
9110,볼만합니다. 역시 어렵거나 위험한 상황에서는 자신과 가족 밖에는 없습니다. 누구도 도와주지 않습니다. 심지어 같은 국민들도 외면합니다.,1
9112,꽤나 재밌게 봤다 근데 아는 얼굴 자꾸 나와서 흐름 끊기는 느낌 조금 받음,0
9113,재밌게 봤습니다! 표값이 아깝지 않네요,1
9114,아니 우리나라에서 내국인을 태우고 출발한 비행기를 우리가 안 받아주는 게 말이 되냐?,0
9115,보고난 후 신경질 나는 영화 오랜만이네요. 공감도 안돼고 억지스럽고 열심히 연기한 배우들이 안스러워 보이네요. 최고의 배우들로 감독이 뭔짓을 한건지. 영화가 테러인듯.,0
9116,진짜 너무 정말로 꼭 봐야 해요 ㅠㅠ 인생 영화야 진짜로!! 안 보면 죽을 때까지 후회함 무덤에서도 후회함,1
9117,개인 취향 차이가 있겠지만 개인적으로는 극한직업까지는 아니고 엑시트 정도 or 엑시트보다는 조금 덜한 재미를 느낄 수 있다고 생각. 단순히 웃음 포인트만 놓고 보면 더 많고 웃길수도 있으나 전체적인 영화의 완성도 퀼은 엑시트보다는 떨어짐. 후반부로 갈수록 웃음 요소가 많아져서 후반부에 더 많이 웃게 되네요. 특유의 표정과 상황 연출이 재미있고 신선한 소재의 영화. 현재 상영하는 영화 중에서는 공조2와 육사오가 개인적으로 괜춘한 영화 같아요.,1
9118,추석에 가족이랑 편하게 보기 좋은 영화,1
9119,그럭저럭 볼만했어요.,0
9120,재밌음 ㅋㅋ 케미랑 영상미 전부 좋았어요,1
9121,해전씬은 3번 봐도 질리지가 않음,1
9122,액션도 엄청 만족스럽진 않고 그냥 배우 보러가는 데 의의를 둬야하는 영화,0
9123,아쉽다. 더 좋은 영화가 될 수 있었는데,0
9124,전쟁을 배경으로 흐르는 잔잔한 동화한 편,1
9125,디즈니 플러스에서 봤습니다. 시간 아까워요 보지마세요 엄청난 고구마 사이다 진짜 없음 오로라 할 줄 아는 능력도 없으면서 막아서는 것만 쥰내 하고 비명지르는 거밖에 못함 진짜 보지 마세요 결말도 이상하고 난 말레피센트들의 능력좀 쓰면서 연출미를 보러왔지 이렇게 꽉 막힌 고구마 스토리에 사이다 찔끔? 허 진짜 이딴 영화 영화관에서 돈 주고 봤으면 두고두고 후회했을 영화 ★★ 답답함에 스트레스 오지게 받는 영화입니다 주의 ★★ 감독이 3인칭으로 보는 시청자들 배려1도 없음,0
9126,두려워하는 조선 군사들을 독려해 죽을 각오로 막강한 일본 수군에 맞서 통쾌한 대승을 거두신 성웅 이순신 장군의 리더쉽을 리얼하게 잘 묘사했습니다. 음향효과도 좋고요.,1
9127,와 진짜 간만에 극장 안에서 관객들이랑 다 같이 웃으며 영화 보았어요 너무 행복했습니다 ♥ 정말이지 유해진 배우님 매력의 끝은 어딜까요 공조3 살포시 기대해 봅니다 ㅎㅎ,1
9128,나름 탄탄한 스토리. 스피드한 전개 긴장감. 지루하지 않아서 좋았다. 다만 대사가 잘 안 들려서 별 하나 뺌.,1
9129,내가 현장에 있는듯. 또한 나라의 참혹한 현상에 대해서 다시금 일깨워주는.,1
9130,영화를 보면서 시계를 한번도 안 본 건 처음이네요~,1
9131,임시완이 뿌리고 잡혔어야 했어,0
9132,병맛 ㅎㅎ 염소는 웃겼음.,1
9133,친일 패륜이 대남 일베들의 평점 테러! 2찍찍들의 세계관과 사고 수준 이하의 패륜 소시오패스들의 평점 태러! 작품을 이렇게 망치는구나! 조중동 같이 꼼수 거짓 편법 기회주의 이기주의 여론전!,0
9134,우주가 나서서 도와주는 소년,1
9135,몸값 비싸기로 유명한 배우들이 굳이 선택한 영화가 왜 비상선언 일까? 블록버스터 하고 싶어서 인가?,0
9136,스토리도 괜찮고. 연출이나 연기 모두 훌륭하네요. 근래에 본 한국영화중에 수작입니다. 너무 몰아치는 내용과 전개라서 호불호가 갈릴듯요,1
9137,실망스럽네요. 다들 연기 너무 못해요. 억지스러움,0
9138,천재 아티스트 김호중의 음악에 대한 고뇌와 열정과 사랑을 보게 해 주는 영화였어요 노래를 선택해서 힘들었고 노래 때문에 살았고 노래를 할 수 밖에 없는 김호중씨! 앞으로의 음악인생이 뷰티풀하고 뷰티풀하고 또 뷰티풀만 하기를 바라게되는 영화입니다,1
9139,그냥 이런 삶도 있구나,0
9140,나의 웃음 코드와 너무 통하고 한번 꼰 풍자 너무 재미있음,1
9141,이 가을 제인 오스틴 소설과 함께하고 싶어지네요,1
9142,딱 보고 나왔을땐 7점정도 줄만했는데 무비팬던가 영화리뷰 해놓은거 보니 잘 만든 영화구나 싶었음 영화 해석 찾아보는 거 추천,1
9143,연기고 액션이고 최악 아직도 이런 영화를 만들다니 연기하는 연기자들도 다들 힘들었을듯 그리고 여기 평점에 알바들 너무 많이 쓴다,0
9144,연출 너무 구림 송강호 이병헌 등 대배우들이랑 연출 등 뭔가 결이 안 맞음 각본은 흥미롭고 괜찮은데 기획 연출이 핵구림,0
9145,평이 너무 안 좋아서 영화관에서는 안 보고 쿠팡플레이로 봄. 배우들 연기 구경 해도 뽕 뽑는 거 아님? 하고 시작했는데 하 진짜 ㅋㅋ 마지막에는 웃음도 안 나와요 ㅋㅋ 아 진짜 후반부는 인상 쓰면서 2배속으로 그냥 돌렸어요. 2배속인데도 지루함. 왜 2시간 20분짜리로 만든 거에요? 그냥 뺄 거 다 빼고 1시간 20분으로 만들었으면 진짜 훨씬 괜찮았을듯,0
9146,공조 3편은 나오지 않았으면 좋겠어요. 유해진의 개그 외에는 특별히 지루했어요.,0
9147,쿠키가 ㄹㅇ 맛도리임 안 보고 나오면 어쩔 수 없지 n차뛰세요 ^^ 즐추에 가볍게 보기 좋고 눈호강 제대로 하는 영화,1
9148,희대의 명작 보는 내내 소름 돋늗다,1
9149,간만에 진짜 영화 보면서 재밌게 웃었음 강추,1
9150,난해하지만 지루하지는 않았다,0
9151,진선규 연기에 감탄을 와우,1
9152,계절이 바뀔 때마다 보는 영화,1
9153,진짜 오랜만에 영화다운 영화 봤다 볼거리 1. 허접하지 않은 액션 2. 현빈 다니엘헤니 윤아 외모 3종 세트 3. 과하지 않은 코믹 4. 스쳐지나가는 엑스트라도 발연기 없음,1
9154,얼굴이 서사다!,1
9155,이게 영화다 표값이 전혀 아깝지 않았다,1
9156,진짜 북한 미화한다는 극우 어르신들은 영화관 출입 금지시키면 좋겠다 ㅋㅋ 국민들이 바보냐? 영화는 영화로 봐라,1
9157,영화관에서 보니까 국뽕 지리더라구요. 좋았습니다.,1
9158,역시 김호중 가수는 전세계가 알아주는 테너 맞네요,1
9159,가끔 가다 보이는 돈 모자란 CG말고는 나름 마블식 유머 잘 끼워넣었고. 영상미는 눈을 꽤 즐겁게 한다. 기대를 안 하고 봐서인지 스토리도 나쁘지 않았다. PCPC 하길래 곰곰히 생각해보니 발키리랑 바위의 동성애. 굳이 필요한 내용이었나? 싶은 요소는 좀 별로지만. 괜찮은 결말 고르의 열연은 여운을 남긴다,1
9160,와 진짜 화려한 배우 캐스팅 대비 많은 실망감이 남습니다,0
9161,초보 감독이 이 정도면 준수하지요.,0
9162,막판에 초글링 싸움에 토린이 데뷔전은 또 뭐냐,0
9163,이정재 배우의 감독 변신 재밌는 영화,1
9164,연기 너무 잘하시고 너무 웃김 재밌음 맘편안히 웃고 오세요,1
9165,액션도 너무 좋고 재미있었습니다,1
9166,진짜 모든 면에서 최고!!,1
9167,왜 재미없다고 하는지 오히려 정치 사회적 현실을 너무 잘 반영한 것 같아 소름 끼치던데,1
9168,개인적으로 재밌게 봤음,1
9170,1편보다 스토리의 짜임이 못합니다,0
9171,와 연기들을 다 너무 못하는데 특히 여자분 연기 너무 어색하네 보는 중인데 평점 남기는 중,0
9172,하 걍 미침 일단 비주얼부터 미쳣어 ㅠㅠ,1
9173,세 가족이 보기 재밌었어요 초3 아들도 재밌게 봐서 더 좋았어요,1
9174,내돈내산 리뷰. 중간에 윤아 나올 때마다 진짜 한숨 영화 제목이 공조2가 아니고 윤아와 두 남자로 바꿔야 하는 거 아닌가 할 정도로 무슨 연애 코미디 물인가 싶더라 그것도 잠깐 나오면 괜찮은데 계속 집에서 일어나는 일만 보여 주면서 영화가 루즈해짐 그나마 웃기면 몰라 ㅋㅋ 오글거리는 것들뿐 마지막에 하이라이트 폭파 장면도 그냥저냥 에휴 육사오가 훨씬 낫더라구요 한국 영화의 퇴보라고 진짜 생각합니다.,0
9175,난 왜 잼있지 ㅠ 여주도 넘 매력터지고 쩐다,1
9176,개연성 같은거 1도 없는데 아예 대놓고 없어서 더 재밌음.,1
9177,진짜 제2의 극한직업 진짜 짱!!,1
9178,내용이 막 그렇게 재밌진 않았지만 현빈 다니엘 헤니 보는 것만으로도 가치가 있는 영화,1
9179,초반 잼쓰 중반 이후 참고 보는데 일본 거부 및 전투기 위협에서 스트레스 받음 미친,0
9180,재미있게 봤습니다.,1
9181,재밌어부러요. 재밌게 봤어요,1
9182,너무너무 재밌어요. 안구 정화되면서 모처럼 아무 생각 없이 즐겁게 봤네요,1
9183,다시 봐도 잼있넹 공효진 서루 황우슬예,1
9184,시간 가는지 모르게 재밌어요 강추합니다,1
9185,이 모시고 내가 뭘 본 거지,0
9186,다섯 번을 봤어도 그 감동의 여운이 남아 내일 또 갑니다. 인생은 아름다운가. 이 물음에 답은,1
9187,영화의 주인공은 변요한,1
9188,진선규 배우님 연기 넘 잘해요. 너무너무 대단해요.,1
9189,이게 진정 데뷔작이라는 것이 놀라움-,1
9190,가족들과 재밌게 봤어요 1편보다 더 재밌게 본 거 같습니다 다음 편도 나왔으면 좋겠네여,1
9191,아주 재미있게 잘 봤습니다. 1편보다 더 괜찮네요,1
9192,왜 한번도 안 본 사람은 있어도 한번만 딱 보는 게 그렇게 힘든지. 보고 나면 비로소 마침내. 이해하게 되는 영화.,1
9193,어떻게 영화를 이따위로 만들었을까? 참고 참고 보다가 결국은 끝까지 못 봤다. 미국 일본 미국 제약회사는 악마화 시키고 실폐한 문제인 정권 홍보물이냐. 도대체 이게 나라냐. 여기 나오는 좋아하던 배우들고 이제 싫어지네요. 토 나올 것 같고 역겨워서 보다 말았고 처음으로 리뷰해보네요.,0
9194,자막 시도 좋았음,1
9195,탐 크루즈로 시작해서 탐 크루즈로 끝나는 영화 누구나 결말을 알고 있지만 다시 보고 싶은 영화가 있듯이,1
9196,이 영화만 만점 줄 예정입니다,1
9197,개노잼 대사도 잘 안 들리고 중간에 나옴,0
9198,노잼 간만에 시간 아까웠음. 리클라이너가 불편하긴 처음.,0
9199,이런 영화는 아무 생각 없이 봐야 합니다. 아무 생각 없이 봐서 무난했어요 명작들처럼 집중할 필요 없이 가볍게 재밋게 봤어요,1
9200,완전 재밌어요 평점 왜 낮은지 모르겠음,1
9201,밸런스 조절 실패,0
9202,그때는 너와 나의 헛소리가 너무 즐거워서 의미있었어. 그랬다면 그건 헛소리일까? 지금 돌아보면 헛되지 않았어.,1
9203,진심 재미없어요 평이 왜 높은지 알수 없네요 비상선언 수준,0
9204,데드풀과의 조우를 이런 식으로 찍어야했냐! 둘 다 모양 빠진다.,0
9205,영화가 귀엽다 미묘하게 따뜻하고 치사한 여자아이들 이야기,1
9206,이걸 보고 웃는 당신 떠나라,1
9209,전편보다 낫네요~ 즐감했습니다,1
9210,탑건1을 재미있게 봤든 아니든 꼭 봐라 이건 명작이다,1
9211,감독 및 캐스팅 각본. 연출은 보아라. 이따구 고구마 신파극을 찍는데 전도연이 왜 필요하며 무능한 남편역에 고수가 왠말이냐. 80년대 설정도 아닌데 눈 오는 날 집에서 쫓겨나는 장면 부인 전화에 무단횡단을 하고 핸드폰을 떨어트리는 아주 놀라운 연출 눈감고 봤다. 다신 영화 만들지 마라. 그냥 어디 가서 사무보조 해라. 전도연은 무슨 책이 잡혀서 이 영화를 선택했는가? 부디 고수도 그렇고 영화선택 안목을 높이길,0
9212,중간부터 이상하다고 느꼈지만 유아인이 나오는데 그럴 리가 없다고 생각하며 끝까지 봤지만 이변은 없네요,0
9213,더도 말고 덜도 말고 적당히 딱 볼만한 코믹 액션 영화,1
9214,명절에 부모님과 마음 편히 보기 좋았고 재미있는 장면이 많았습니다.,1
9215,다소 정적이지만 두 주연 배우의 연기 호흡이 좋아서 천천히 다가오는 게 있었음,1
9216,잔잔한 감동이 있네요. 추천 추천,1
9217,스토리 연기 재미 꿀잼 ㅎㅎ,1
9218,웅장하고 소리가 영화관에서 보는 맛이 있어요,1
9219,잘생기고 잘생기고 이뻐요,1
9220,그래비티마냥 이담에 극장에서 재상영할 영화임. 대형 tv에 사운드바 있다고 집에서 내려받지 마시고 영화관에서 보세요. 저는 멀미 심해서 포디 못 가고 사운드 좋은 일반관에서 봤어요.,1
9223,재밌고 신나요. 윤아 씨가 스크린에 자주 나오는 것만 빼고 박진감 넘치네요.,1
9224,공조2 나오기를 학수고대 2시간 순삭 현빈 존잘 존멋 윤아 능청연기 짱,1
9225,베드로 작전의 실패는 아쉬운 건가 전쟁을 막은 다행인건가 몰랐던 사실을 알게 되었네요. 초호화 카메오 보는 재미가 솔솔하였고 이정재 정우성 형님의 클라스는 여전하더군요 다만 대사 전달력이 좀 ;; 뭐라고 하는 건지 자막이 필요하더군요 ㅋㅋ,1
9226,오랜만에 실컷 웃었네 ㅋ !! 몇 년 만인지 ^^ ♡,1
9227,스토리부터 연기까지 죄다 구린데 거기에 반미반일까지 양념으로 버무려놓음 물론 캐릭터 중에 윤석ㅇ 닮은 윤석이란 캐릭터랑 정부 인사 중에 나경ㅇ 닮은 캐릭터의 언행은 거의 현실과도 같았음 ㅋㅋ,0
9228,무슨 생각으로 만들었나 모르겠다,0
9229,액션도 재미도 두루두루 무난하게 재밌게 볼 수 있었다. 1편보다 더 좋았던 거 같고 3편도 기다려지는 영화 현빈 너무 멋있다~ 3편에서는 윤아하고 잘 되었으면 좋겠음 ㅋㅋ,1
9230,영화는 모르겠고 전도연의 한마디가 참 좋네요 그게 책임 없는 소리인지 모르겠지만 그만 둿다라는 말 왜 정부 책임자들은 책망만 하는 건지 자기들의 사리사욕만 있을 뿐이고 남에게 책임전가만이 남아 있는게 씁쓸하네요,1
9231,기묘한 인생이다. 신발 세워진 거 보고 신발처럼 웃는 짤 생각함 덜 무서울려고,1
9232,액션 볼 만하던데? 연기도 좋았는데?,1
9233,현빈 왜케 멋있는거예요~~. 다니엘 헤니 와우 정말 보는 내내 눈을 호강시켜 주네요 다시 한 번 더~,1
9234,1편보다 더 코믹과 액션이 업되서 돌아온 영화라서 영화관에서 엄청 웃고 왔음 이번엔 진선규의 악역이 범죄도시 위성락은 아무것도 아닌 악역으로 보이고 장명준의 포스는 어둠의 악역,1
9235,유쾌한 영화 ㅎㅎ 재미있게 잘 봤어요!,1
9236,평소에 음악 페스티벌을 많이 가는데 그 현장에 있는것 같은 느낌이였음. 그 당시 관객들의 자유로움도 느껴져서 좋았고 노래들도 너무 좋았음. 로큰롤 장르인 척베리가 젤 신났다는 아이러니함이 있지만 ㅎㅎ,1
9237,개인적으로 이런 스타일의 영화를 좋아하는데 뭔가 집중도 안 되고 소문에 비하면 조금 부족하지 않았나 싶네.,0
9238,진짜 너무 재밌고 특히 액션만 했으면 지루했을 텐데 코미디까지 더해져서 보는 내내 빵빵 터지고 다니엘 헤니랑 현빈 짱이다 이거 꼭 보세요 다들 진짜 띵작임!,1
9239,간만에 참 재밌게 본 영화~~,1
9240,이 영화 자체가 재난이다,0
9241,배우들 개런티 주느라 돈 다 쓰고 편집은 알바가 했나 개인 유투버만도 못한 화질과 오디오.,0
9242,극장에 있는 사람들 다 같이 깔깔대면서 봄,1
9243,너무 유치했음,0
9244,두 번 관람 했습니다. 볼거리가 많은 종합 선물 세트 같은 영화,1
9245,마지막에 컴버배치의 수염이 깎이며 그의 본모습이 드러난다,1
9246,거짓말. 우리 나라는 저런 일처리도 저런 똑똑한 경찰도 없다,0
9247,중간에 잠 자다가 총질에 시끄러워서 깸 더 놀란 건 평점이 너무 높음. 왜? ㅅㅂ,0
9249,일상의 분위기를 그대로 전달하는. 삶에서 나의 성적표는.,1
9250,김정남을 무슨 배신자인 거처럼 묘사해놨네 ㅋ,0
9251,오랜만에 정말 웃긴 영화 봤네요 ㅎㅎ 시간 가는 줄 모르고 재밌게 봤어여~,1
9252,러닝 타임이 길어서 미뤄놨다가 본영화인데 시간 가는 줄 모를 정도로 재밌고 감동적이었어요 디즈니 영화 중 개인적으로 최고~,1
9253,일단 보는 내내 눈이 정말 행복했구요. 공조1을 안 봤어서 되게 기대하면서 봤는데 기대 이상으로 재밌네요 ㅋㅋ 연기도 대박이었구 꼭꼭 추천합니다,1
9254,눈병 낫네? 껄떡대디 말라우,1
9255,너무너무 재밌었어요 넷플릭스에 올라오면 또 볼 거예요 그러니까 빨리 올려 주세요,1
9256,김혜윤 연기력 무엇!!,1
9257,재밌어서 이걸 왜 이제 봤나 싶었음. 2편 기대 중,1
9258,가볍게 보기 좋은 오락 영화!,1
9259,ytn mbc daum 등 영화나 진보언론사만 적나라하게 대거 출동. 게다가 반일 반미까지 대놓고 편향적인 감독의 성향에 보기 불편했다.,0
9260,배우들 캐스팅 좋은데 영화는 평범함!,0
9262,왜 평점이 낮지 재밌었는데 각 나라들 상황도 이해되고 한국 입장도 이해 가고 감염자들의 상황과 선택도 이해 갔다 그런 걸 무슨 반미 반일까지,1
9263,간만에 재미있게 봤습니다. *^^*,1
9264,마지막에 다 죽었으면 솔직히 이렇게까지 욕은 안 먹었음 ㅋ,0
9265,친구가 추천했는데 재미없어요,0
9266,속히 은혜의 해와 보복의 날을 허락해주세요 ㅠㅠ,1
9267,이제 무리한 신파는 좀 그만하자 관객들이 싫다고 하지 않나,0
9268,액션 볼만하고 여자아이 이쁨! ♡♡,1
9269,롤린 출 때 kijul 생각없이 웃고 싶다면 추천합니다 ㅋㅋ,1
9270,두 번 본 영화,1
9271,기대 없이 봤는데 빵빵 터졌어요 2번 본 거 안 비밀 ㅋ 주변에 남학생들 넘어가더라요 신박한 상상해 보면 있을 수도 있지만 가능하지는 않은 상상으로만 가능하지만 유쾌하고 재밌었어요~,1
9272,역대급으로 웃긴 영화 진짜 최고예요,1
9273,배우 캐스팅이 다 했네~ 우성이가 연기 젤 잘하네~ 어서 저래 순둥이를 구했으까?,1
9274,전 세계적으로 기괴하고 난해한 작품 많다 정말 난해하지만 끝까지 보게 하는 매력이 있다 그닥 재미는 없지만,0
9275,기대보다 잼있었습니다.,1
9276,개연성을 버리고 얻은 경쾌하고 가벼운 즐거움,1
9277,시맨틱 에러는 사랑입니다 ♡.♡ 박서함 박재찬 배우를 알게 해 준 고마운 작품입니다.,1
9278,인생의 허무함과 나른함 그러면서도 통제할 수 없는 압도적인 긴장감을 잘 어우러낸 영화. 멕시코 관광 도시의 낮과 밤의 묘사가 특히 일품이다. 삶이 아무리 권태롭더라도 제발 갑자기 잠수타는 짓은 하지 않기를.,1
9279,동생이랑 봤는데 재밌게 봤습니다. 평점이 낮을 정도는 아닌 것 같은데 놀랐어요전 재밌습니당! 민호 연기가 좀 아쉬웠어요,1
9280,코미디를 좀 더 강하게 했더라면 아쉽네,0
9281,두 시간이 우째 지나가는지 모르게 전개가 빨라서 재밌네요 멋있게 늙어가는 두 남자도 간지나고 ㄷㄷ,1
9282,볼 때마다 소름이 돋고 너무 재밌어요,1
9283,거북선 나올 때 국뽕은 지렸는데 뭔가 전작에 비해서 하나씩 아쉽긴 하더라구요,0
9284,웃음 타율도 괜찮고 액션도 괜찮았습니다,1
9285,사실 현빈 다니엘 헤니로 눈호강 하려고 갔는데 간만에 엄청 웃으며 재밌게 본 영화네요.,1
9286,전국민 애국자 만들기 가능,1
9287,기수가 종대를 대체 어릴 때 그 죄책감 때문에 계속 챙기는 건 줄 알았는데 막판에 대사들은 뭔가 사랑? 내 착각인가 ㅎㅎ 솔직히 이 영화가 뭘 말하고 싶은건지 의문이네요,0
9289,5년 전에 엄마와 공조 보고 이렇게 공조2를 엄마와 심플하고 편하게 즐길 수 있어서 너무 좋았네요 연기도 좋고 과하지 않게 편안하게 엄마와 잘 보고 왔어요!,1
9290,15분 보고 끈 내가 승자군 ㅎㅎ,1
9291,공조가 일냈다! 전편보다 5배는 재밌음! 3편도 원츄!!♡,1
9292,현빈이랑 결혼할까 다니엘 헤니랑 결혼할까 그리고 윤아의 정말 ‘소싯적’ 모습이 나와서 너무 좋았움 ㅠ.ㅠ,1
9293,역시 최고 영화 매버릭 최고,1
9294,영화란 각본의 예술!,1
9295,쥬라기월드 도미니언이 이렇게 나왔어야 해,1
9296,극장에서 킬링으로 보기 딱입니다 어이없는 부분도 있지만 그것조차 웃김 배우들 연기 너무 잘하구?? 보는 내내 행복했음 ㅋ 설정자체가 비현실적이지만 그래도 나름 영화에서 초반부터 결말 잘 이어졌다고 생각함 ㅎ 연기가 일단 웃김 굿,1
9297,가볍게 볼 수 있는 재미있는 영화,1
9298,좋아하는 배우들이 나와서 볼만했습니다,1
9300,짜증 날만큼 긴장시키고 확실하게 끝내는 sf스릴러,1
9301,군더더기 없고 모든 인물이 선과 악으로 구분 안 되는 면들을 잘 묘사한 거 같아요. 그렇지만 전두환은 악으로밖에 표현할 길 없네요. 정권에 대한 스트레스를 영화보면서 풀어요,1
9302,아이맥스로 느껴보는 벅찬 감동과 스릴 오랜만에 영화다운 영화를 봤습니다~~ 강추합니다~~!,1
9303,스토리가 너무너무 유치해서 옆에서 같이 보기 힘들었습니다. 아무리 애들 만화라도 스토리가 이렇게 엉성하고 대본이 약한 만화는 처음 봤네요. 애들 걸로 아무거라도 유튜브 한 편이 나을 듯,0
9304,중경삼림 재개봉 꼭 가세요 홍콩에 가고 싶은 여운이 오래 남습니다,1
9305,액션&존잘 환상 조합 가족과 간만에 행복한 추석 저녁을 보냈습니다 공조1보다 훨~~~ 잼 있어요,1
9306,사족이 너무 많아 진행이 안 되는 액션 영화라. 지루하다.,1
9307,정치적 편향이 너무 심하다. 넷플릭스는 정치적 중립을 지키지 않고 왜 계속 진보적 정치 성향을 띄고 있는가? 내용도 없고 그냥 보수와 경상도 사람들을 나쁜 사람들 도둑으로 만들고 전과가 있는 전라도 사람들은 착한 사람으로 표현하는 전형적인 북한식 정치 개화 주입식 교육 세뇌 영화,0
9308,너무 재미없고 다들 과장된 연기와 설정 주연 배우들 연기 너무 힘이 들어가있고 cg도 어색하고 하 참고 끝까지 봤는데 간만에 괜히 봤다 느낌이 후회가 밀려옵니다,0
9309,예전에 이런 스토리로 영화가 만들어 지다니 지금 봐도 참신 하고 재미있네요,1
9310,배우들 연기 좋고 난 재밌게 봤음 많이 잔인함,1
9311,이쁘게 잘 봤어요. 설레임도 있고 감동도 받았어요. 여주인공이 웃을 때 빵아저씨 전 와이프랑 넘 똑같이 닮았네요.ㅋ,1
9312,재미있어요 ㅎ~,1
9313,82년생 김씨와 함께 국내 페미 문화 수준이 저급하다는 증거 ^^,0
9315,웃긴 포인트는 있다! 완성도는 떨어진다!,0
9316,어 코미디 좋아하면 보세요 웃느라 정신을 못 차림 그리고 다니엘 헤니 OO시 오마이갓??,1
9317,한 가지 컨셉만 가지고 가야지 좋은 재료를 모조리 섞어서 개밥을 만든 영화. 그 놈의 신파 좀 빼면 안 되나? 스릴러 -> 액선(여기까진 좋은데) 신파 마무리 ㅋㅋ 진짜 별 하나도 아깝다.,0
9318,김강우VS주지훈. 보너스로 영상미와 음악.,1
9319,배우 연기가 코믹하고 스토리 자체도 너무 좋았어요 ^^ 간만에 많이 웃었네요,1
9320,조동필 영화답게 연출이 뛰어나고 영상미까지 훌륭했던 영화라고 생각합니다. 나중에야 해석들을 찾아보며 깨닫는 바가 있었지만 직관적이지 않다는 생각에는 동의합니다.,1
9321,배우 현빈 유해진 윤아 다니엘 헤니 진선규씨 모두의 연기력이 영화에 즐겁게 두근두근하게 몰입하게 해주셨습니다! 너무 멋지세요,1
9322,감독이 지 망상 세계에서 만든 영화 신파+이기주의+반미반일 이 배우들 가지고 이렇게 만들기도 힘듦,0
9323,명절 장사하러 왔구나~~,0
9324,가족들과 너~무 유쾌하게 즐겁게 잘 봤어요 ^^,1
9325,안 좋았던 기분 보고 바로 행복해졌습니다,1
9326,뻔하지만 재미있게 잘 살려서 온 가족이 즐길 수 있었다.,1
9327,보는 중에도 시간이 아까워서 겨우 다 봤습니다 스토리 흐름 연결 감정선 이입이 전혀 안돼요,0
9329,존엄사에 대해 생각할 게 많아지는 영화 존엄사를 받아들여야 하는 가족 입장에서의 심리 표현이 좋다,1
9330,1점도 아깝노 감상 포인트 추천??? 장난 똥 때리나,0
9331,하 영하가 질려~ 내 시간이 너무 아깝다,0
9332,존잘 개진상 보시면 압니다 재밌게 봣습니다,1
9333,배우들의 호흡 화합 장난 아닌지라 제가 그 시절 모가디슈에 함께 살고 있다고 믿을 정도로 몰입이 잘 됩니다 역광때문에 즉석에서 동선을 반대로 바꿨는데 완벽하게 촬영된 카체이싱 이를 통해 볼 수 있는 제작진들의 팀워크에 박수를 보내고싶습니다. 그리고 무엇보다도 음향을 너무 잘 썼습니다. 상황의 긴장도를 높이거나 현장감을 주기 위한 음향 효과로 인해 이건 꼭 영화관에서 빵빵한 사운드로 즐겨야하는 영화임을 몸소 느꼈습니다. 모가디슈 최고,1
9334,중후반까지는 스토리 몰입감 연기가 엄청 나게 좋았음. 마지막 연출이 조금 아쉽긴했지만 올해 재밌게본 영화 세 손가락 안에 듬,1
9335,영화 보면서 이렇게까지 한바탕 웃은 적은 없었다,1
9336,진짜 재밌게 봤어요 지루할 틈 없이 스토리 연출 연기 배우 모든 게 다 대박!,1
9338,가볍게 보기 좋은 영화! 유쾌하고 짜릿하고 넘 재밌게 봤어요 :),1
9339,처음 시작부터 끝날 때까지 재밌게 봤어요~ 1보다 더 재밌게 봤어요~,1
9340,윤아 너무 이쁘고 사랑스러움,1
9341,내용은 비현실적이나 발 킬머의 변장술이 빛을 내는 영화,1
9342,현빈♡!! 림철령이 동무 존잘,1
9343,추석에 온가족이 가서 너무 즐겁고 잼나게 보고 왔네요 현빈 얼굴 보는 것만으로도 돈 안 아깝고 진선규 배우님 연기 진짜 잘하셔서 너무 몰입됐습니다,1
9344,너무 재밌습니다 처음엔 솔직히 사람들이 전부 다 재밌다고 해서 보긴 봤는데 그냥 그런 영화인 줄 알았는데 그게 아니라 너무 재밌었습니다. 배우들의 연기가 너무 뛰어났습니다. 너무 재밌었습니다,1
9345,배우들의 연기가 좋았습니다.,1
9346,최고의 음악 영화 테너 김,1
9347,전편보다 더 액션이랑 스토리가 재미 있네요,1
9348,일본 영웅 만들기 영화,0
9349,30년 전 영화라는 게 믿기지 않음,1
9350,전체적으로 공조1과 유사하나 액션의 완성도 및 박진감이 뛰어나며 유머가 더욱 세련됨,1
9351,재밌게 잘 봤어요. 추천합니다.,1
9352,소재도 흥미로웠고 연기도 좋았으나 영화 자체는 광고 대비 기대치에 조금 못 미쳤습니다. 한번 쯤 관람하긴 괜찮아요~,1
9353,연휴에 보기 좋았어요. 그러나 조금 지루했어요.,0
9354,보는 내내 토 나올 것 같았다. 애기들 유괴 다룬 영화는 좀 아닌거 같다.,0
9355,뭔가 편파적이기도 하고 억지 감동 짜내려는 것 같은데 배우들이 연기를 잘함 임시완 연기 진짜 잘함,0
9356,타짜1을 20번 넘게 보면서 걸작인 걸 알았지만 이거 보고 다시 보니 명작인 걸 알게 됨.,0
9357,역사적 사건과 잘 결부시킨 스토리와 액션 연기는 일품이다.,1
9358,에단 호크는 모르겠고 아이연기가 좋음,1
9359,시간이 멈춘 시퀀스는 인상깊었다. 그것 말고는 다른 것은 느낄 수 없었다.,0
9360,어떤 사랑은 붕괴됨으로써 증명된다,1
9361,최고 ^^ 최애 영화 ^^,1
9362,개연성 없고 감동도 없고 돈 아까웠습니다 ㅡ.ㅡ,0
9363,추석 기간 재개봉하여 감상했는데 역시 재미있네요 노래 너무 좋아요,1
9364,생각보다 너무 재미없다,0
9365,너무 재밋게 봤네요~ 보는 내내 빵빵 터지는 요소가 너무 많네요 북한 상사 맡으신분 너무 재밌어요,1
9366,999점 모든 게 완벽 지루할 틈이 없었고 중간중간 유해진 특유의 코믹 요소가 있어서 더욱 좋았다 ^^,1
9367,누구나 최악이 된다. 적어도 그녀는 온 마음을 다해 사랑했다.,1
9368,친구 다음으로 명언이 가장 많은 영화,1
9369,어떻게 죽어야 할 것인가 가족은 어떻게 받아들어야 할 것인가,1
9370,멋지고 연기 잘하고 즐겁고 유쾌한 영화 자극적이지 않아 좋고 굿~~,1
9371,현빈 다니엘 넘 잘생겨서 눈호강 넘나 잼나네요,1
9372,그냥 토르 너무 멋있고 유머가 내 스탈이에요,1
9373,추석에 가족들과 함께 공조2 인터네셔날 관람하고 왔습니다! 전편보다 액션씬이 강도 높아져서 정말 재밌게 관람했습니다. 가족들도 전보다 더 재미있어졌다고 만족하면서 봤습니다!공조2 인터네셔널 파이팅!,1
9374,진짜 너무 재미있어요 ^&^ 영화 보고 평점 30년 인생 첨인데 너무 좋은 영화예요 ㅎㅎ,1
9375,너무 재밌게 봤어요 다 멋있어요 ♡,1
9376,좋았습니다 화도 나고 가슴 찡하고 재밌었어요,1
9377,역사 기대에 저버러리지 않는 영화 냠냠굿,1
9378,저 배우들을 데리고 신파를 찍다니,0
9379,0점은 줄 수 없는 건가요?,0
9381,해진이 형 연기 미쳤네요 액션씬도 멋잇었고 유쾌했어요,1
9382,그렇게 형편없진 않은데 유명한 배우 대거 출연으로 기대감이 높아서 반감이 큰듯 합니다. 비행기 추락씬에서 배우들 정말 고생하셨을 것 같아요. 마무리가 좀 아쉽 ^^ 나름 잘 보았어요.,1
9383,오랜만에 코미디 영화를 보고 웃게 되었네요. 잊었던 웃음을 찾아준 영화 ^^,1
9384,킬링타임용 영화인데 배우들이 전부 멋있고 이뻐서 눈호강은 제대로 할 수 있음,1
9385,예고편 봤을 땐 그냥 유치할 꺼 같아서 안 보려다가 넘 재밌다는 지인 얘기에 엄마 동생 아이들 모두 온가족이 보러갔는데 진심 모두 빵터졌어요. 관객도 거의 꽉찼는데 다들 웃느라 정신 없어요. 첨부터 끝까지 대박 웃깁니다. 꼭들 보고 힐링하세요.,1
9386,재미없어요 웃음도 액션도 실패!! 그나마 작은 영화관서 봐서 돈은 안 아깝네요,0
9387,눈물이 멈추질 않아요.,0
9388,구선 튀어 나올때 입틀막 하고 봄,1
9390,동굴 안에서의 지니 씬이 제일 좋았음,1
9391,1편보다 더욱 더 재미있어요!! 부모님 하고 즐겁게 관람했습니다!^^,1
9392,아무 기대 없이 갔는데 너무 재밌어서 놀랬어요,1
9393,액션 양호 개그 양호 비주얼 양호 재미있게 잘 봤습니다!,1
9394,이딴 걸 영화라고 찍고 있나. 유아인 잘난 척 잘하던데 허접한 영화에 출연을 잘하는군.,1
9395,영화 보지 말라고 제목에 대놓고 있었는데 본 내가 잘못이지,0
9398,추석 연휴에 한 번 보고 어제 또 봤네요 ㅎ 빈이 오빠 안 꾸며도 멋있음 ㅎ,1
9399,공조1보다 재밌는 거 같아요,1
9400,30대 남입니다. 남자가 봐도 현빈 형이랑 헤니 형 엄청 잘생겼고요 액션도 1보다 시원시원합니다. 성규 형님 악역 연기도 좋았고 조연분들 대사 하나하나도 터집니다 ㅋㅋ 추석에 가족들끼리 보기 좋은 영화 강추용. (영화관에서 보는데도 다들 웃고 떠들어서 집 거실에 모여서 특선영화 보는 느낌남ㅋ),1
9401,단편인데 왠만한 드라마보다 좋네,1
9402,80년대 중2병은 과연 어떤 느낌인지 알 수 있었어요 감독님도 중2가 아닐지 추측해 봅니다,1
9403,기대만큼은 아님 인물들의 동기가 이해가 안 감 액션은 볼만함,0
9404,1편보다 더더 감동 대박 러닝타임 더 써도 1도 지루하지 않을 듯,1
9405,이건 그냥 미쳤네요 미쳤어요,1
9406,정성을 들여서 만들자 아무리 에로라지만,0
9407,기대 없이 보았는데 처음부터 끝까지 몰입해서 보았습니다. 안 보신 분은 꼭 보시면 좋겠네요. 정말 잘 만들었네요!!,1
9408,그건 니 생각이고 아아아아,1
9409,세상에 이런 최저 영화가 있긴 하네요,0
9410,공조 1만큼 재미있어요 ^^,1
9411,눈이 즐겁다 액션 리얼하게 잘 잡음,1
9412,공조1을 재밌게 봤던 기억이 있어서 이번에 나오는 공조2에 기대를 많이 했는데 역시나 기대 이상으로 재밌었네요 ㅋㅋ 극장에서 이렇게 많이 웃어 본 적은 처음! 그 박진감 넘치는 OST도 너무 좋았고 또 보고 싶어요,1
9413,겟아웃 이후로 2편에 3편까지 망함. 외계생명체가 인간들 빨아들이는데 긴장감 1도 안느껴짐,0
9414,벌써부터 공조3를 기대하게 만드는 작품. 범죄도시에 이어 또 하나의 액션 시리즈물의 탄생!,1
9415,주인공의 상황과 감정을 추리해야 하는 주체가 등장인물이 아닌 관객이라는 걸 짐작하고 본다면 매우 흥미로운 미스테리. 하지만 이런 공백을 채워가는 걸 힘들어하거나 귀찮아한다면 지루할 수도 있는 영화. 도축업이라는 그의 직업도 영화 속 은유로 잘 활용되었고 그 외 많은 단서들로 도식화하는 재미도 있음.,1
9416,스펙터클한 방식으로 스펙터클을 경계하는 영리하고 과감한 코스믹 호러. 다층적인 메세지들을 해석해 보는 재미를 차치하고서라도 미스터리 공포 장르의 역할을 충실하게 수행해낸다.,1
9418,신선하네여 ㅋㅋ 재밌음 부연 설명은 좀 딸리지만 신선함이 커버함,1
9419,재즈는 소울이다. 영혼을 울리는 음악의 힘,1
9420,팬데믹 이후 최고의 영화!,1
9421,기본적으로 한국 배우들의 힘인 거 같습니다. 원작이 중국 영화였네요 뭔가 중국스럽긴 했습니다. 잘 짜여진 각본도 아니고 딸을 위해 아버지가 누명을 쓰는 게 그렇게 감동적인 스토리인가요? 중간에 이하늬가 딸한테 쌍욕 날릴 때도 너무 케릭터가 중국풍 아닙니까 현실적으로 그게 말이 되는지 약혼자가 상대 딸한테?? ㅋ 여자가 죽었지만 그게 본심이면 임태산한테 죽었다 해도 전혀 아쉽지도 않을 장면인데 마지막에 약혼자 보고 눈물씬?? 진짜 억지 감동 자아내기네요 딸과 아버지도 그렇게 가까운 사이도 아닌 것처럼 나오는데 마지막에는 무슨 아버지 딸 사이 왤케 좋나요 누명 써줘서?? 돈줄이 사라져서?? 임태산이 회장인데 누명 쓰고 감옥에 간다?? 이건 좀 선을 넘은 시나리오네요,0
9422,추석 때 볼 게 없어서 공조2 봤는데 1보다 더 재밌네요 호불호 갈리는 영화지만 좋았습니당 3도 나왔으면 좋겠네요,1
9423,제목 보고 낚이지 마라,0
9424,맨 마지막 멘트에 빵 터짐 ㅋㅋ 시간 가는 줄 모르고 봤어요~^^ 유해진 님 짱짱 멋짐 ㅋㅋ,1
9425,코미디에 36억점 드림.,1
9426,올해 본 영화 중 역대급이었어요,1
9427,ㅋㅋ 왜 이렇게 평점이 낮은 거야 영화 보는 내내 미소 지으면서 봤네요 기분 좋은 로맨스영화 였습니다.,1
9428,극한직업 급으로 재밌다. 후회 안 함. 강추!!,1
9429,정말 재미있게 봤어요 ㅠㅠ 강추!,1
9431,시즌2 나온 거 치고 재밌는 거 별로 없었는데 꿀잼이었어요!,1
9432,시간 가는 줄 모르고 봤네요 최고,1
9433,영화의 재미는 소소합니다,1
9434,평론가들이 영화 작품성만 따지고 평가를 하는 건 대중 영화와 괴리가 존재함. 대중들은 평론가들이 칭찬하는 작품성 높은 영화보다 다소 허점이 있더라도 쉽고 가볍게 즐길 수 있는 오락영화에 더 재미를 느낀다. 대중영화로 나온 영화에 오로지 작품성을 잣대로 평가하는 게 과연 적절한 평가인지 의문이다.,1
9435,장르에 공포가 들어가있지만 공포라고 느껴질 만한 그런 그러니까 깜짝 놀랠 수 있을 장면들은 생각보다 많이 있지 않았어요 영화 자체로는 이해가 필요한 부분이 있었던 게 주인공 두 명의 엄마에 대해서 말해주는 부분입니다 그걸 들어아 비로소 이 주인공 두 명이 왜 그런 모습과 장면들을 볼 수 있는지 알게 되요 그리고 그것에 따라서 영화가 진행되구요 고로 이 부분만 잘 받아들여진다면 이 영화의 재미를 반 이상은 채우는 그런 만족감을 느끼실 수 있을겁니다 마지막으로 이 영화의 평을 말하자면 분명 볼만은 한데 일부러 없는 시간 만들어서 찾보는 건 글쎄요 라고 하고 싶어요 감독이나 출연자들의 특별한 팬이 아니라면 말이죠 물론 볼 게 없다면 그때는 이 영화 꽤 괜찮을겁니다,0
9436,전개가 너무 급하고. 왜 518과 북한을 엮어서 시나리오를 썼는지 이해가 안감.,0
9437,명절에 가족들과 웃으며 보기 좋았습니다.,1
9438,간만에 빵터졌고 재밌게 관람했습니다.,1
9439,와 긴장감 1도 없어서 2시간 수면하기 좋음 몇 년 전 일본 지진 영화 비슷하네 드라마 내용 자체가 너무 잔잔해서 배우들 연기 평할 가치가 없음,0
9440,공포 영화의 탈을 쓴 성장 영화. 스토리가 아쉬웠습니다.,0
9441,포야 화이팅 해라.,1
9442,빨리 다음편이 보고 싶다.,1
9443,한참 웃다가 나왔네요~ 현빈 대박 멋져요 ^^,1
9444,초반의 지루함이 너무 힘들었다.,0
9445,모든 게 대박 ㅠㅠ 한 번 더 봐야지,1
9446,이 영화의 장점을 찾을 수가 없다.,0
9447,기대없이 봤는데 액션도 너무 좋고 삼각 공조도 어색하지 않고 빌런도 괜찮고 그냥 신나게 웃을 수 있는 영화. 오락 / 액션 영화의 기대를 그대로 반영했다고나 할까요? 기다릴게요. 공조 3!!,1
9448,그냥 미쳤음 개재밌음 현빈 얼굴 씹개존잘인데 다니엘 헤니 OO시함 간나새끼라는 단어가 개멋있어짐 뒷부분 개미쳤고 너무 재밌음,1
9449,상상을 뛰어 넘는 스토리와 반전 한국 영화에서 다루지 않았던 스토리가 포함된 전개가 멋있었음.,1
9451,개쩔어 한일전보다 더 재밌다,1
9452,가족끼리 보기 좋은 영화 너무 재미있어요!!,1
9453,내가 뭘 본 거죠? 내 돈 만원,0
9454,코로나 격리 마지막 날 근래에 이렇게 영상을 보면서 크게 웃었던 적이 또 있었나 싶게 실컷 웃으면서 봤어요. 유머는 전혀 기대하지 않았던 요소라 뜻밖이었는데 과하지 않으면서도 여기저기 숨어 있어서 중간중간 눈물 나게 하는 대사들과 잘 어우러져 영화의 분위기를 만들어가네요. 오랜만에 좋은 영화 잘 봤습니다 ^^,1
9455,아역 배우들도 하드캐리 했지만 에단 호크 연기도 새로웠음,1
9456,연기 스토리 영상 재미 모든 게 완벽함. 기대 이상!!,1
9457,제~~발 이순신에 김명민 배우 좀 해 주세요~~!! 그동안 중 김명민 배우가 제일 이순신 같으세요,0
9458,조잡한 설정에 심리학적인 메시지를 담으려 하면 이렇게 된다. 초중반부까지 9점 이상을 줄 만하지만 중반 이후부터는 어설픈 심리학 지식을 찬양하는 저지능 심리학 빠들만 이 영화를 높게 평가할 수 있을 듯. 영화가 주고자 하는 메시지를 위해 당위성을 희생하고 억지 스토리를 만들어냈음. 자신이 그냥 평범한 지능을 가지고 있고 문과/예술계열 심리학 전문가들이 말하는 헛소리를 유투브 등에서 즐겨보는 사람이라면 추천. 널려 있는 고증 오류는 나 예술가요 하면서 억지로 만들어낸 스토리 라인의 역겨움에 비하면 별로 신경 안 쓰일 지경. 다만 브래드핏과 영상미 그리고 우주 소재는 아주 좋았음.,0
9459,기대한 만큼 너무 잼있게 봤어요!!,1
9460,반미 반일 집단 자살에 대한 미화. 현실에 있을 법한 내용들이 우리에 동화되어 그 상처를 찌름에 그 위를 덮는 건 누군가에게 이미 여러 번 덧대인 신파 한 장 깊이 없는 전개는 프로파간다로 느껴질 정도다. 범인이 중요치 않다 그럼에 범인의 메시지가 중요치 않다면 영화의 기조가 될 만한 과연 우리는 어떻게 했을까?란 질문을 오만하고 파괴적인 억지 감동으로 포장해 가르치려 든다. 언제부터인가 평론가들의 7점이란 점수가 한심하게 신뢰성이 없으며 그 점수가 얼마나 무난과 떨어진 것임을 알려주는지 작품 외적으로도 배우게 된다.,0
9461,스토리 액션 모두 재미있습니다,1
9462,시간 가는 줄 모르고 잘 봤습니다. 영화가 웃으면서 보면 됐죠 ㅎㅎ,1
9463,잔인 액션 영화일 줄 알았는데 고어라니,0
9464,연기도 굿. 스토리도 굿. 평점과 달리 재미있어요.,1
9465,공조 3 언제 나오나요?,1
9466,개인적으로 최근 개봉했던 뽀로로보다 훨씬 좋았습니다~ 감동 재미 둘 다 완벽!! 아이 어른 모두에게 좋을 영화입니다. 제 앞에 아이 옆에 앉은 아빠 두 분 모두 안경을 들추며 눈물을 훔치셨다는 ㅎㅎ,1
9467,사전 정보 전혀 없이 봄. 시작부터 우주 관련된 이야기인 줄 알고 인류 탄생의 비밀을 풀어나가는 우주 SF 물인줄 알고 봤음. 그런데 보다보니 어느순간 SF호러물이 되어가고 있음. 소설적 의미 부여 하며 인물 간 갈등 구조를 이해할 필요가 있어 보이지는 않음. 마지막 장면 보고 어라 저거 에일리언 아니야? 하고 보니 에일리언 관련작이었음. 외계 존재에 대한 설명이라도 충분했다면 좀 나았을 것을,0
9468,답답함 정말 재미없음!,0
9469,너무너무 재밌게 봤어요~,1
9470,보통 2편은 망하거나 1편보다 못하다는 평이 많지만 내용이나 연출 액션등 1편과 연계하여 아주 재미있었음,1
9471,캐릭터들이 더 친해져서 공조1보다 재미있다,1
9472,태백산맥 太白山脈 1975년작 감명 깊게 봤던 영화이다 신성일 윤정이 연기도 좋았고 신영일 엄청 미남 ㅋㅋ,1
9473,초중반까지는 좋았으니 막판 신파극이 모든 걸 망쳐버림,0
9474,실망시키지 않는 토르 시리즈,1
9476,명절에 가족끼리 보기 좋은 영화였네요 윤아도 이쁘고 웃기긴 한데 타이밍 잘 맞게 개봉해서 조금 과대평가 된 경향이 있네요,1
9477,통쾌하고 웃기다 꿀잼입니다 보러가세요,1
9478,갈수록 괴물들이 불쌍해지는 영화. 스토리는 그닥인데 배우들의 연기와 사실적이고 독특한 크리쳐 디자인 때문에 보는 거 같다.,0
9480,웃겨요~ 특히 유해진 임윤아 ㅋㅋ,1
9481,배우들의 연기가 너무 좋았어요~~ 진짜 잼있어용!!,1
9482,두 시간 지루할 틈이 없을 정도로 포인트로 꽉 채운 느낌 ㅋㅋ 탄탄한 배우들이 그 포인트들을 다 잘 살려낸 느낌 ㅠㅠ 비쥬얼 보는 재미도 너무 컸음 리얼 존잘 윤아 존예 유해진 가족씬도 좋았고 ㅋㅋ,1
9483,하도 평점 안 좋아서 영화관에서는 안 보고 vod 떴길래 봤는데 꽤 볼만함.,1
9484,1편과 동일한 스토리 라인. 웃기는 장면은 출발 비디오 여행에서 소개해 준 게 다. 매우 아쉽,0
9485,1편의 서먹함 분위기와 다르게 현빈 씨와 유해진 씨의 캐미부터 윤아 씨의 푼수 연기도 너무 만족하고 재미있게 봤어요! 흥행바랍니다 ㅎ,1
9486,ㅋㅋ 생각보다 재밌네요,1
9487,이 나라를 구하신 이순신 장군님께 바치는 우리 후손들의 선물 같은 영화. 진짜 마지막 해상씬은 감격에 눈물까지 ㅠㅠ 울 조상님들 정말 감사합니다.,1
9488,오랜만에 가족들이랑 엄청 웃으면서 영화 봤어요!!,1
9489,나는 베이징 천안문을 사랑해 我愛北京天安門,0
9490,제인이 죽어서 슬픔 토르는 이제 전기만 남았다 사랑은 사치 ㅎ,1
9491,고전적인 영화,0
9492,엄마 모시고 봤는데 가볍게 보기 좋았어요 코믹과 액션 좋았어요,1
9493,가족들과 가볍게 기분 전환될 영화 웃음으로 시작해 웃음으로 끝나는~~ 공조에 밀려 상영관이 적어서 피해를 본,1
9494,아이와 아주 재미있게 보고 왔어요~~ 마지막엔 눈물 찔끔~~ ㅎㅎ,1
9495,한번 봐서는 이해하기 어렵습니다.,0
9496,재밌어요 윤아 님 때문에 웃겨서 눈물났음 ㅋㅋ,1
9497,현빈 진짜 멋져요 ㅠㅠ 보는 내내 감탄 액션 시원시원하고 웃음도 빵빵천만~ 갑시다!!,1
9498,마약 하면 이런 기분인가욤? 황홀하네 홍홍,1
9499,잼있었다고 하네요,1
9500,올해 최고의 영화!!,1
9502,잼있고 스토리도 탄탄 액션도 좋고 천만 갑시다,1
9503,장르가 코믹이라고 해도 되겠음,1
9504,악역이었지만 진선규님 멋져요~~,1
9505,워킹맘이자 싱글맘의 일과 육아 사이의 처절한 분투기,1
9506,현빈과 다니엘 헤니 얼굴 보는 걸로도 즐거운데 스토리도 유쾌해서 너무 재밌었어요. 개인적으로 올해 영화 중에 제일 좋았어요~^^,1
9507,뻔하지만 순수한 마음으로 보기엔 상당히 재밌었습니다,1
9508,액션인지 코미디인지 ㅋㅋ,1
9509,영화는 완벽한 미결이였다 몇 번 봐도 재밌다,1
9510,초반엔 좀 지루했지만 극 중후반 해상전투씬 하나로 충분히 볼만한 가치가 있습니다.,1
9511,최근에 이렇게 예측 가능한 스토리의 영화는 첨이네요. 임시완이 살아있는 상황까지는 긴장감도 들고 기대감이 들지만 임시완 죽은 후 스토리 전개는 예측 모두 가능한데다 눈물도 안나고 헛웃음만 나왔음. 내 평생 보면서 제발 이렇겐 전개 안 되었음 좋겠다 하는 게 다 들어있네요 배우들이 열일하셨는데 공감이 안 되었네여.,0
9512,아이들과 너무 재밌게 봤어요~ 저도 함께 즐거웠네요!,1
9513,8점대는 되어야 할 것 같아서,1
9514,쿠플 통해서 봤는데 너무 재미있게 봤어요!!,1
9515,진선규의 사연 있는 악역 잘 보았습니다. 배우 진선규의 점점 빛을 발하는 연기에 박수를 보냅니다.,1
9516,인생 영화 대형 스크린으로 꼭 보고 싶은 영상미,1
9517,유니콘 나오는 장면은 잊을 수 없다 ㅋㅋ,1
9518,흥미 스릴 만점 부산도 멋있고 tv 잠깐 틀었다가 끝까지 다 볼 수 밖에 없었음.,1
9519,1편과 크게 달라지지 않은 스토리 플롯. 그러나 단순한 스토리에서 나오는 확실한 재미를 놓치지 않는다. 별 거 아니지만 웃음을 터뜨리게 하는 유머 코드도 그대로 림철령(현빈)과 강진태(유해진) 두 사람의 묘한 찰떡 궁합도 그대로. 거기에 잭(다니엘 헤니)과 림철령의 수트 액션은 작정했다(?)는 느낌을 제대로 준다. 훌륭한 오락영화.,1
9520,올해 나온 영화중 최고!!,1
9521,올해 본 영화 중에 최고였고 최고로 남을 것 같다,1
9522,파업 제발 하지 말아 주세요 제발 ㅠ,1
9523,한국 영화의 수준을 확!! 떨어트린 쓰레기 영화!!,1
9524,우크라이나에서 잘생긴 러시아 경찰이랑 평범한 아저씨같은 우크라이나 경찰이 공조하는 영화 만들어 스크린에 걸고 좋다고 보러가는 사람들이 있다면 나머지 우크라이나 사람들은 어떻게 생각할까. 영화는 영화로 보라고는 하지만 전부터 이건 좀 아닌 거 같다.,0
9525,주말에 집에서 한번쯤 볼만한 영화.,1
9526,너무 재밌다 그리고 액션도 좋다,1
9527,너무 재밌어서 두 번이나 봤습니다. 전작들보다 훨씬 좋아요!,1
9528,김향기 예쁘다 기생 옷도 후줄근한 옷도 다 예쁨,1
9531,개삽노잼 스토리가 쌍팔년도 영화,0
9532,메인 주연배우들 연기 깔 거 하나도 없음 조연 단역 작가 연출이 개작살냈음 특히 단역 연출이 핵폭탄임 노력 많이 해야 할 듯 주연 배우들 아니였으면 200만이 아니라 관객수 0.2명나왔을듯.,0
9533,액션 빼고는 뭐 딱히 할 말이 킬빌로 시작해서 악녀 다이하드 다시 본 느낌,0
9534,잼있었다. 이이경 멋있다,1
9535,뻔한 스토리 같으면서도 재미있네요~ 박장대소 하게 되는 부분도 있고 올해 들어 가장 재밌게 봤습니다,1
9536,전개도 빠르고 액션도 좋고 코믹 요소도 많아요~ 특히 다니엘 헤니 현빈 유해진 세 배우의 쓰리샷이 너무 신기하고 다채롭네요. 영화관에서 봤는데 다니엘 헤니 나올 때마다 여성분들의 감탄사가 크게 들립니다 ㅋㅋ 다니엘 헤니는 남자가 봐도 정말 멋있네요 ㅎㅎ,1
9537,88년도 스타일은 문소리 님이 제일 잘 표현하신듯 합니다,1
9538,너무 현실적이라서 사람들이 외면한 것 같으나 사실은 지극히 일어날 법한 이야기를 담았다. 말 같지 않은 3D로 도배한 히어로 영화보다는 한 10배 정도는 나은 것 같다. 어쩌면 다큐멘터리 같은 영화였다. 이 영화는 한마디로 인간의 희생 정신과 이기심이 맞물려 새로운 희망을 만들어 낸 스토리이다. 근데 왜 장그래는 정규직에 팀장이 되서 흑화가 된거냐!,1
9539,현빈을 별로 안 좋아했는데 이거 보고 반했다 진짜 ㅠ 다니엘 헤니 현빈 보는 것만으로도 재미가 있음 너무 잘생겨따!! 내용도 꿀잼임 꼭 보러가세용 비상선언 한산 범죄도시2 다 봤는데 난 이게 1위!!,1
9540,재밌음 1보다 범죄도시2 느낌,1
9541,흥미로운 지점. 많았다,1
9542,재미있게 봤어요,1
9543,특별관 관람 추천! 4DX나 IMAX로 보면 절대 후회 없음 ㅠㅠ ♡,1
9544, 조종사라는 직업의 전문성이 현저히 떨어진다. 비행기가 한국에 내린다고 바이러스가 전국으로 퍼질 거라는 가설도 터무니 없다. 제일 황당한 건 착륙을 반대한다는 시위와 국민이 타고 있는 비행기의 착륙을 고민한다는 정부는 너무 어이가 없다!,0
9545,영화 내내 벨소리 뚜루루 오던 것만 기억에 남음,0
9546,현빈 헤니 윤아 얼굴도 재밌고 스토리도 재밌고 시간가는 줄 몰랐음 ㅎㅎ,1
9547,얼마 안 나왔지만 황정민과 고윤정의 연기가 기억에 남네요~,1
9548,중간 중간 웃겨요. 안구 정화되는 영화예요.,1
9549,가족들과 즐겁게 웃으며 보기 좋은 가족 코미디 영화. 액션 영화 같은 느낌은 아니고 재밌는 코미디 영화,1
9550,너무 재밌어요~~ 시간이 너무 빨리 지나갔음 ㅋ,1
9551,극장에서 신나게 웃다가 나왔습니다.,1
9552,저는 1편보다 더 재밌게 봤어요 ㅋㅋ!,1
9553,볼 만합니다 많은 기대가 없다면,0
9555,개재밌음 현빈 다니엘 헤니 덕분에 2시간 동안 눈호강 제대로 했다 한 번 더 보러갈 듯!,1
9556,영화가 촌스럽다 한숨 나옴,0
9557,평이하다 못해 낯뜨거운 연출 주말드라마 식의 안일하고 유치한 음악. 60분 짜리 단막극으로 만들었어도 오그라 들었겠다.,0
9558,김신영 나오는 거 보고 뜬금없고 집중 안 됨. 연기력을 떠나서 뭔가 언발런스한 느낌에 집중하는데 거슬림. 그리고 탕웨이 한국 발음 알아듣기 힘듬.,0
9559,아무런 기대 안 하고 봤는데 생각보다 너무 재밌게 몰입하며 봤어요. 보세요 기대 이상입니다.,1
9560,공조2 천만 가겠네요. 이번 주말에 보러 가야겠다 ㅎ,1
9561,꼭 보세요 정말 잘 만든 작품입니다 시원시원해요,1
9562,평범한 로맨틱 코미디. 중반 이후부터 지루해지긴 하나 그럭저럭 끝까지 끌고 가기는 함.,0
9563,다 좋았지만 미국 본토에서 마약상을 하는데 DEA가 개입하지 않는다는 게 이상했어요. 한국으로 따지자면 흉악범을 쫓는데 광수대가 아니라 국정원이 출동한 느낌,0
9564,멍충 감독은 그렇다 치자. 투자자와 배우들은 눈깔이 없나? 이런걸 영화라고 개봉하다니 폭망일세.,0
9566,현빈 존잘 현빈 존잘 현빈 존잘 현빈 존잘,1
9567,진짜 배꼽 빠지게 울고 싶으면 꼭 보세요 ㅠㅠ 첨엔 음? 싶다가 그냥 빠져들어가서 웃고 있는 나를 발견해요 또 보고 싶다,1
9568,육사오 보고 놉도 비슷한 평점대라 고민했는데 조던필 이 사람 무서운 사람이네 ㄷㄷ,1
9569,철령과 진태 잭의 삼각 공조 케미 대박!! 거기에 진태 처제 역의 윤아의 금사빠 연기 코믹 대박 재미있음!!,1
9570,재밌어요 잘생긴 배우가 연기도 잘해요,1
9571,미묘한 감정의 흐름과 폭발에 압도당했다,1
9572,명절에 가볍게 보기에 좋습니다. 시리즈가 계속 나올듯 한데 대작은 아니어도 적당히 볼만합니다.,1
9573,연기자들은 문제없으나 지루하고 유치하고 이걸 내가 왜 보고 있는가? 에 국뽕까지 이게 한국 영화 수준이구나 싶음,0
9576,오랜만에 재밌었던 한국 영화 적어도 돈은 안아까움,1
9577,와 진짜 액션 대박!! 연기력도 대박!!,1
9578,이동진 평론가 리뷰까지가 코스,1
9579,왜 저래? 에는 다 이유가 있단다,1
9580,사나이의 심장을 울린다,1
9581,전편보단 못하지만~나름 볼만은함~~,0
9582,숨은 의미를 모르고 봐도 재미있고 의미를 알게되면 더 재미있다.,1
9583,이 영화 역시 왜 이렇게 평이 안 좋은지 알 수가 없었다. 영화 보는 내내 재미있었고 지루할 틈이 없었으며 구성이나 개그 코드 역시 괜찮았다. 올해 나온 그 어떤 한국 영화보다 재미있다고 할 수 있겠다. 조금 아쉬운 건 마지막 결말이 좀 빌드업된 거에 비해 마무리가 별볼일 없었다는 점? 그게 조금 아쉬웠다,1
9584,OTT 텐트폴 시즌인 추석 최성수기에 이런 영화를 내놓을 줄이야,1
9585,간첩 소재라길라 기대 안 했는데 참신한 설정들이 좋았다,1
9586,키 큰 두 사람 가운데 있는 사람이 너무 웃겨요.,1
9587,재밋어요!!! 윤아의 재발견이네요,1
9588,편하게 보기 좋았어요~ 생각보다 많이 재미있었어요 ㅎㅎ 부모님이랑 같이 보기 좋아요,1
9589,연기는 좀 어색했지만 영상미가 정말 예술 그 자체 미쳤음,1
9590,지루한 부분 없이 처음부터 끝까지 잼나게 본 영화,1
9591,배우님들의 케미가 너무너무 좋았어요!! 공조3도 나왔으면 좋겠습니다~,1
9592,학생들이 재미있게 관람함.,1
9593,대사가 별로 없는데도 꽉차는 연기의 박해일 씨와 해상 전투는 압권!,1
9594,조조로 재밌게 봤습니다,1
9595,극한직업을 노린 것 같지만 그정도 까진 아니고 snl 보는 느낌. 후반이 처지긴 함,0
9596,액션 연기가 좋았어요,1
9597,소똥 냄새 닭똥 냄새 폴~폴~,0
9598,다가기기 힘들 수 있는 소재인데 작감배 덕에 너무 좋은 영화로 탄생했다.,1
9599,깔삼하게 잘나온 영화다 솔직히 기대 안 했는데 배우들이 연기가 좋아서 보는 내내 괜찮다 뻔한 내용이지만 재미있게 풀어낸듯,1
9600,죽음에 대하여. 아름다운 이별인가 그런 게 있을 리가,1
9601,디테일 스토리 반전 모두 가슴 아픈 영화 연출력과 연기 모두 너무나 좋고 공감되었다,1
9602,인생 영화임 2019년에 2D로 2번 4D로 3번 봤었는데 재개봉 하고 4D 또 보러 갔다 옴 다시 봐도 제일 재밌다,1
9603,전 재미있게 봤는데 평이 별로 안 좋네요 악역의 의도가 잘 드러나지 않아 아쉽기는 했어요,1
9605,진짜 남주들 멋지고 잘생기고 윤아씨 넘 이쁘고 액션씬 멋지고 딸내미와 재밌게 잘 봤네요. ^^,1
9606,제목으로 반 이상 먹고 들어가는 영화,1
9607,유치하기는 했지만 나름 재미있었음! 연기 잘하는 남자들 속에서 여주 박세완의 연기가 괜찮았음~,1
9608,좀 지루했으나 마지막에 감동이 있음,1
9609,오랜만에 수작을 본 느낌이네요 좋아요,1
9610,너무 재미있었어요 액션이 멋있고 효과음 때문에 더 흥미로웠던 거 같아요 이번 기회로 현빈님께 푹 빠졌어요 현빈 님 보느라 영화 5번 봤어요 그만큼 너무 재밌고 공조3도 나왔으면 좋겠어요,1
9611,진짜 최고 bb 느슨해질 쯤 웃겨요~ ㅋㅋ 3편 언제 나오나요?,1
9612,내가 보기에는 아주 재밌었음 왜 혹평하는지 ㅋ 재밌는데 킬링타임용으로 추천함,1
9613,영상미가 훌륭합니다 다니엘 헤니랑 현빈,1
9614,추석 때 부담없이 가족과 함께,1
9616,살짝 웃기기도 한데 억지 줄거리 전개와 많은 내용을 담아내려다 좀 무리한 거 같아요,0
9617,제목 잘 지었네. ㅂㅅ선언,0
9618,왜 이렇게 평점이 안 좋나?? 혹시 정치적인 이념이나 현재 상황에 대한 거부 반응이냐?? 비상상황 = 현재상황,1
9619,공포보다는 약간의 스릴러 요소를 더한 아이들 성장물이라고 하는게 더 어울릴듯,0
9620,재미없다 ㅠ 재미없다 ㅠ 재미없다 ㅠ,0
9621,최근 본 가장 완벽한 오락영화입니다. 1편의 내용과 플로우를 잘 계승하면서도 액션 연출 유머 등에서 진일보한 모습이었습니다.,1
9622,숨찬 일상 끝에 값지게 얻어낸 슬픈 결말,1
9623,또 북한 간첩은 슈퍼맨 대한민국 형사는 또 찌질이로 만들어 놨겠지 ㅉㅉ,0
9625,1978년 덴버의 한 작은 마을에서 아동연쇄납치살인범에게 납치된 소년. 정신을 차리고 일어난 방 안에는 전화선이 끊긴 전화기가 벽에 걸려있다. 그러나 어느 순간부터 그 전화기가 울리는 초자연적인 현상이 일어나고 전화를 받은 소년은 정체를 알 수 없는 소년소녀들과 통화를 하게 된다.,1
9626,비상선언 보려다 이거 봤음,0
9627,아메리칸 껄떡대지 말라.,1
9628,스토리가 어느 정도 예상은 가지만 ㅎㅎ 역시나 아이는 재밌다고 좋아합니다!,1
9629,글로벌 범죄 조직을 잡기 위해 다시 만난 북한 형사 림철령과 남한 형사 강진태 뉴페이스 해외파 FBI 잭까지 형사들의 예측불허 삼각 공조 수사가 시작된다~!!,1
9630,어후 이런 거 만들면서 영화인이네 하는 인간들. 배우가 아깝,0
9631,두 주연 배우의 연기에 빠져서 시간 가는 줄 모르고 봤습니다.,1
9632,아내와 어머니 모시고 봤는데 둘 다 빵빵 터져서 기분이 좋았다. 물론 나도 터졌음,1
9634,나름 재밌었는데 역시 1편이 낫네요,0
9635,재밌어요 히히,1
9636,배가 산으로갔다 하와이는 왜 갔어 나리타 갈 시간에 제주공항 갔겠다,0
9637,영화관에서 꼭 봐야 하는 영화라고 생각합니다 용포디 한 번만 더 열어 줘,1
9638,1편 보다 몰입도 최강입니다.,1
9639,왜 흥행을 하지 못했을지 의문이 많은 작품입니다. 최근 흥행중인 국내 영화와 비교해도 잘 만들어진 영화라고 생각합니다.,1
9640,1. 이 영화는 기내 안에서 바이러스 테러가 일어났다면서 마스크 하나 제대로 쓰는 놈이 없음 2. 비행기가 생화학 테러를 당한 걸 알면서도 1시간이나 지나서야 비상선언을 함 3. 비행기가 테러를 당해서 기내가 난리가 나는 와중에 자기들 인생 사연 주절주절 떠들고 있음 4. 영화 후반에 나오는 전투기 씬은 진짜 ㅋㅋ 이 배우들 쓰면서 영화 말아 먹은 감독은 진짜 레전드임,0
9641,살아 움직여 뜨겁게 분출한다. 재즈처럼,1
9642,굿굿굿!! 공벤져스 이 조합 상 받아 마땅해~~♡ 3편 또또 해 주쎄욤~~ 넘넘 좋아용,1
9643,안구 힐링. 광대 승천 주의,1
9644,기대 이상의 스토리와 액션 괜찮았음,1
9645,평점이 왜 낮은 건지? 배우들 연기 스토리 연출 모두 빈틈없이 재밌고 좋았습니다. 영화관에서 못 본 게 후회가 2부 기대하고 꼭 4D로 봐야겠습니다~^^,1
9646,남자 아이들이 좋아하네요~ 집중해서 잘 봅니다,1
9647,첫 연출에 정치 사건을 가지고 중도로 잘 표현함 총액션 많고 사건 전개 빠름,1
9648,차라리 비행기를 추락시켰다면,0
9649,권소현 졸귀... 쌈 싸줄 때 사망,1
9650,상영 시간이 짧아 좋은 영화! 주인공의 상황을 공감하기엔 내가 너무 나이 들었어,1
9651,스릴러작 1위다운 영화,1
9652,명절이 면죄부는 아닙니다.,0
9653,어쩌면 너무 현실적이라 두 번은 안 보고 싶은 영화,1
9655,새로운 시도 신기한 이야기 영화 보면서 스탭들이 수고가 많았겠구나 하는 생각이 든다 기대 안 하고 봤는데 괜찮아서 놀랐다,1
9656,영화를 보는 내내 이해를 할 수 없는 이해는 되더라도 납득은 되지 않는 장면들이 저를 힘들게 했습니다. 임철령 때문에 철렁했네요. 가벼워진 인물들의 무게감처럼 가벼워진 웃음에 안타까운 후속편.,0
9657,역겨운 여성 할당제 영화,0
9658,돈 많이 들인 쓰레기 극장에서는 안 봐야 하는 영화,0
9659,아이가 좋아하고 어른이 봐도 재밌어요,1
9660,아이들이 봐도 좋지만 어른들에게 더 좋은 애니 같아요 보는 중간중간 코끝이 시큰시큰하네요,1
9661,2번 봐도 재미있음. 액션 연기 음악 다 시종일관 긴장이 유지돼서 좋았다.,1
9662,한 여름 밤에 야외 상영에서 맥주 한잔하며 관람하면 너무 행복할 것 같다.,1
9663,건즈앤로즈스 헌정 영화,1
9665,진짜 기대 없이 봤는데 너무너무너무 재밌었다 오랜만에 실컷 웃었음,1
9666,살면서 본 영화 중에 제일 웃김 ㅋㅋ,1
9667,살다보면 별 일이 다 있지 서로 죽이고 싶어 안달난(?) 부부 뜻밖의 변태 탈옥범들 괴력의 시아버지 그리고 과장/허세 한가득 엄청난 액션/범죄/스릴러 탄생,0
9668,생각지도 못한 반전에 소름 반전 관점에서 캐릭터를 다시 보니 소름.,1
9669,너무 재밌어요 ㅠㅠ 1편보다 웃음 포인트가 훨씬 많고 액션도 부드러워서 더 재밌었어요!! 천만 가자!,1
9670,2시간이 이렇게 빨리 지나갈 줄은 상상도 못했다,1
9671,김태평 사랑합니다 실물 보고 숨이 멎었습니다 영화보면서 다니엘이랑 현빈 얼굴 봐서 눈이 맑아졌어요 스토리도 넘 재밌고 공조3 나와주세요 플리즈,1
9672,너무 재미있어요 모든 배우님들 멋있어요,1
9673,헌트 같은 좌빨쓰레기 영화 보다는 100배 1000배 낫다. 500만까지 쭉쭉 헌트 밟고 지나가자.,1
9674,주인공들이 간첩이 되는 상황 설득력 제로 더 비인권적인 북한에게 나라를 받치려했다는 게 멍청하게 보임. 뭔가 설득력 있어야 그 둘에게 동정이 가지만 둘 다 세상 최고 바보임을 인증했네. 허탈한 웃음만 나네. 젠장,0
9676,눈이 즐겁다 ^^ 잘생김물씬잉,1
9677,추석 연휴 가족과 함께 재밌게 봤어요~ 1에 이어 2도 기대 이상으로 좋았습니다,1
9678,구성 연기 배우들의 합이 좋은 영화. 영화 신세계 bgm을 깔아도 전혀 안 이상할 것 같은 신기한 영화,1
9679,씽 1도 감동이 있었고 2도 기대하면서 봤는데 진짜 기대 이상입니다. 근데 윤도현님의 노래도 엄청 좋았어요!,1
9680,요즈즘 본 영화 중 가장 재미있었습니다. 배우들 모두의 연기가 억지가 아닌 자연스럽게 웃게 해주는 재미있는 영화 좋았습니다. 특히 유해진 아노는 영화는 구수한 맛에 봅니다.,1
9681,얼굴이 다한거 같다 그것만으로 재밌었다,1
9682,절대 기대하면 안된다.,0
9683,너무 재밌게 잘 봤습니다 ㅋㅋ 한국 코미디 영화죠 뭐 ㅋㅋ 웃고 싶으면 보러가시면 될듯,1
9684,뻔한 전개 내용이지만 우린 숨죽이며 본다,1
9685,진짜 개꿀잼 개개개꿀잼,1
9686,친구 셋이서 봤는데 한 명은 극호 한 명은 평타 한 명은 극불호 였던 영화,0
9687,아니 대체 이게 뭐가 잼나다는 거임? 1편보다 액션 디테일도 떨어지고 개그도 좀 성의 있게 쳐야지 ㅋ 개그는 레알 10타수 1안타임 아오!!,0
9688,1보다 2가 더재밌음 진지하게 현빈이 너무 개그감이 늘음,1
9689,개강추 현빈 진짜 굿임~,1
9690,액션도 최고 얼굴도 최고,1
9691,4세 여아 5세 남아 36세 부부가 함께 본 엄마까투리! 연령대를 떠나 모두에게 재미있었어요~~ 뜻깊고 의미있는 영화였습니다!! 영상미도 아름답고 노래도 좋고 스토리도 탄탄하고! 요즘 아이들이 보는 다른 애니메이션 중에는 과격한 영상들이 많은데 엄마 까투리는 역시 기대를 져버리지 않는 교육적인 내용만 담겨있어 더욱 더 좋았어요!! 저도 엄마이지만 저희 엄마가 생각나더라구요♡ 왕추천합니다!! 아이들과 다음 주에 한번 더 볼 예정이에요 ^^ 최근에 개봉한 어린이 영화들 많이 보았는데 그중 단연 최고였습니다!!! ♡♡♡ 엄마까투리 극장판 자주 만들어주세요!!,1
9692,내용도 너무 재밌고 1보다 나은 2라고하는게 딱이네요. 악역 역할도 너무 찰떡인데다 세 사람의 얼굴합이 진짜 글로벌했네요. 눈뗄 시간이 없었어요. 팝콘이랑 콜라 먹을 시간 없으니 그냥 들어가세요 총총,1
9693,역시 탑건은 영화관 가능하다면 4d에서 봐야 함 ㄷㄷ,1
9694,상영 내내 쉴 틈이 없었던 영화,1
9695,오랜만이다 30분 보다 꺼버린 영화는,0
9696,연휴에 와이프랑 가볍게 잘 봄,1
9697,가족이 같이 보는 영화로 재미 있었습니다,1
9698,이 영화 넘 웃겼음 ㅋㅋ 오랜만에 모두 다 크게 웃으면서 봤네~ㅋㅋ 넘나 웃기넹ㅋㅋ,1
9699,정말 아이들 영화 개봉할 때마다 남매랑 영화들 보러 가고 했는데 엄마까투리 영화는 정말완전 100프로 만족하고 왔어요. ㅠㅠ 진짜 아이도 어른에게도 너무너무 훌륭한 영화입니다,1
9700,어스와 마찬가지로 너무나 재미 없는 영화. 감독이 홍대병 걸린듯한 느낌이다.,0
9701,진짜 개꿀잼 ㅋㅋ 현빈 나올 때 와 다니엘 헤니 나올 때 와아 진성규 배우님 악역도 대박이심,1
9702,조우진 연기만 좋았음,0
9703,김호중님의 내면의 깊이와 인생의 고찰이 담긴 감동의 영화였습니다~ 깊이를 알 수 없는 노래의 맛 실로 경이로웠습니다 노래야 고맙다~ 김호중님의 노래가 참 고마운 관람 시간이였습니다,1
9705,너무 무겁지도 너무 가볍지도 않게 너무 재밌게 잘 보았습니다 배우들의 연기는 뭐 말이 필요 없지 않겠습니까 ㅠㅠ 최고최고~,1
9706,평점이 낮길래 기대 안하고 봤는데 웃음 포인트가 곳곳에 있어서 좋았고 생각보다 재밌었어요!,1
9707,재밌어요~,1
9708,마블은 망하고 있다. 황당한 기획. 맥빠진 연출. PC에 대한 비굴함까지,0
9710,정말 너무 재미있게 봐서 감상평 남깁니다 추석 때 아들이랑 남편이랑 다같이 봤는데 아이도 어른도 모두 함께 볼 수 있는 재미있는 영화예요 연기력도 다 탄탄하고 코믹 요소도 잘구성되어 있어서 지루하지 않았어요 억지로 배우들만 웃기는 게 아닌 같이 웃고 즐길 수 있는 영화였어요 액션씬 또한 눈을 뗄 수 없게 멋지네요,1
9711,뇌를 비우고 예능으로 보면 볼만함,0
9712,보지 마세요. 시간 낭비 돈 낭비 인생에 하등 도움이 되지 않는 영화입니다,0
9713,마블 왜 이럴까요 돈 아깝네요,0
9714,뻔한 소재로 만든 괜찮은 영화,1
9715,하아 내 말 믿어라. 보지 마라.,0
9716,너무너무 재밌어요 :) 진짜 강추합니다!! 방금 봤는데 또 보고 싶을 정두로 그리고 윤아 배우님 너무 이쁘십니다. 반했어요,1
9717,재미있어요 정말 유쾌하고 통쾌하고 영화 보는 내내 지루하지 않고 웃었어요,1
9718,재미있어요,1
9719,간만에 영화 봤는데 안구 정화 + 진짜 존잼 영화 보고 기분 좋게 귀가하는 기분 오랜만이야,1
9720,극장에서 크게 봐야 하는 영화!,1
9721,단순한 호러가 아니라 웰메이드 성장 드라마 한 편을 본 듯 해서 더 기분이 좋았다 ^^,1
9724,어른인 제가 눈물 글썽이며 보고 왔네요 ㅠㅠ 내용도 좋고 감동적이에요. 영상은 아름답고 OST는 따뜻하고 여타 본 어린이 애니메이션 극장판 중 제일 좋았어요.,1
9725,왕자를 구하기 위해 나선 공주 아닌 공주와 호식이를 닮은 왕자. 겉모습은 중요하지는 않다는 것 아닐까요.,1
9726,?? : 껄떡대지 말라~,1
9727,그냥 지린다.,1
9728,최고의 감동을 선사해 주셔서 감사 합니다. 마이쪄 마이쪄~!,1
9729,생각보다 좀 별루 고급 인력 모아다가 저런 저퀄 영화를 좀 아쉬움. 아. 고급 인력에 송민호 제외,0
9730,이런 여운이 있는 영화가 좋다.,1
9731,오랜만에 만난 최고의 영화 눈호강은 덤!,1
9732,현빈이 너무 잘생겼다 그리고 스토리가 시즌1에 비해 더 재밌다,1
9733,1편보다 다소 작위적인 부분이 많았지만 추석 영화로 온 가족이 웃는 코미디 영화로는 최고인듯!,1
9734,웃겨서 좋았어요. 가족 영화로 완전 강추 조달환 배우 폭탄 터질 때 볼살 떨리는 연기 대박이구요.,1
9735,공조1을 재밌게 보고 공조2 후기도 좋길래 설레는 맘으로 보러왔습니다.일단 너무 잘생겼고요 진짜 멋있고 잘생기고 보다가 너무 잘생겨서 눈물 살짝 고였습니다. 기분 너무 좋았고 재밌고 스토리도 좋았어요. 공조1보다 약간의 코믹이 더 첨가된 거 같은데 부자연스럽지도 않고 자연스러운 유머였어요. 배우님들의 연기는 두 말할 것 없고. 진성규님 연기 진짜 대박입니다. 연기 잘 하시는 건 이때까지 작품 보며 알았지만 이번이 더는 더 대박이네요. 또 보러가려구요.,1
9736,딸과 조카들과 너무 좋은 시간 보냈습니다 스토리도 좋고 웃음 포인트도 많아서 성인인 저와 10살 초딩 5살 6살 조카들까지 모두 즐겁게 봤습니다,1
9737,정말 잘 만든 영화네요. 아이들에게 역사 얘기해 주기도 좋구요. 잘 봤습니다.,1
9738,내 가족은 내가 끝까지 지킨다 이 말이 뇌리에 깊이 새겨져 잊혀지지가 않네 전세계 모든 아버지의 마음이 다 같지 진심 인상 깊었더 영화였다. 그냥 이것이 액션에 묘미이며 진리였음최고의 영화임에 틀림없다 정말 죽기 전에 꼭 봐야 할 인생 걸작 정말 강력 추천 한다 제이슨 스타뎀의 연기가 과연 일품 지렸다,1
9739,임시완 죽기 전까지는 긴장감으로 재밌으나 그 이후 신파로 인해 노잼.,0
9740,오! 현빈 잘생겼네 하고 있는데 다니엘 헤니가 나옴 (여자관객들 늑대의 유혹 강동원 나올 때처럼 소리 지름) 그러다 현빈이 또 그와중에 질생김 헤니가 바로 경찰복 각잡고 나옴 바로 현빈이 잘생김 하자마자 헤니가 선그라스 뿜뿜하고 나옴 현빈이 근데 헤니가 현빈 헤니 현빈 헤니 얼굴 부럽다,1
9741,뭐가 잼있다는 건지 이해가 안 되네 영화 도중에 나갈뻔했다 포지션이 애매한 영화 유치해서 못봐주겠드라 현빈보단 다니엘 헤니가 더 멋있게 나옴 그 이상 그 이하도 아님 안 보는 걸 추천 돈 아까움,0
9742,우리네 인생 주연은 시간이 아닐까? 시간을 순간으로 멈추는 방식을 알아냈을지도 모를 율리에에겐 어떤 삶이 펼쳐질지 궁금하다.,1
9743,영화 ost가 너무 좋아서 자주 듣게 됩니다 뮤지컬이 꼭 한국에 들어와서 보게 됐음 좋겠네요,1
9744,이번 편도 정말 재미있게 봤음. 제우스가 좀 의외였지만 역시 빌런이 강력해야 재미있는듯. 크리스찬 베일 연기 정말 고급졌고 아주 재미있게 봄. 보다가 지하철 내려야되는 역에서 지나칠 정도,1
9745,아이가 없었을 때는 그냥 평범한 영화였으나 나를 닮은 목숨보다 더 소중한 아이가 생긴 지금은 너무나 마음 아프고 슬픈 영화로 보였다,1
9746,끔찍하게 아름다운 아카풀코에서,1
9747,북유럽을 배경으로 재탄생한 고전 비극,1
9748,올해 본 영화중에 최고!!,1
9749,진짜 꿀잼. 현빈+해진+헤니 보는 맛 장난 아니고 기분 좋게 웃기고 액션도 볼만하고 극장에서 볼 영화로 완전 찐 강추!!,1
9750,오글거리는 것만 참으면 오랜만에 재밌게 볼 수 있는 영화예요,1
9751,마할리아 잭슨의 prayer로 갈무리한 그 뜨거웠던 여름,1
9752,테러의 목적이 어처구니 없다. / 송강호는 왜 쉽게 감염되고 혼자 ㅂㅅ이 되나? / 반미 반일 선동하는 건가? / 하 언제쯤 한국 영화에서 ㅈ 같은 신파는 사라지나? / 회항을 할까 말까하더니 비행기가 참 오래도 난다 / 이 영화의 주인공이 누군지 모르겠다 ;;,0
9753,굿굿굿굿굿굿구숙수수구ㅜ구ㅜㅅ,1
9754,39년 살면서 영화 후기 처음 써봄. 와~~ 이건 해도 해도 너무함. 유치도 이런 유치 없음. 애써 번 돈 소중하게 쓰세요~,0
9755,시원하게 웃어서 좋았음 생각할 게 많은 영화들도 좋지만 이런 깔끔하고 재밌는 영화도 필요하다고 생각,1
9756,진짜 너무 재미있게 봄,1
9757,비행기 안에서 이뤄지는 연기 및 내용은 흡사 영화 부산행과 비슷하며 응급 진료소에서 펼쳐지는 장면은 영화 괴물 그리고 조종석에는 최소 2인이 자리를 지키고 있어야 하지만 사건 전에도 혼자 조종석에 있는 장면이 많이 나옴. (외국에서 우울증 걸린 조종사가 자살로 인한 탑승객 모두 사망 후 룰이 바뀐걸로 알고있음) 엄청난 배우들이 출현하여 기대했지만 내용은 부실 (연기력은 좋음) 아쉽다,0
9758,이 영화 10점 안 주면 10점 무슨 영화 주나요?,1
9759,너무나 재밋게 봤네요 연기 연출 굿,1
9762,올해 개봉작 중에 제일 재밌네요,1
9763,그냥 아무 생각 없이 보고 웃을 수 있는 영화네요,1
9765,한산 명량 노량 이 해전은 이순신의 해전 승리사 중에서도 가장 위대한 대승을 그린 영화일 것이다 스포일러 없는 영화 모두가 아는 스토리 그럼 뭘 보러가는가? 어떻게 승리했는가다 그럼 전쟁씬은 핵심 중에 핵심이다 명량은 슬로비디오로 실망을 줬고 한산은 거북선을 무슨 외계인 수준의 전투씬을 보여 줘 현실감 없는 모습에 영화 집중도를 떨어뜨렸다 우리는 허무맹랑한 임진왜란 승리사를 원하는 게 아니고 당시의 디테일한 조선 수군의 모습과 이순신 장군의 당시의 어떤 지휘력 기반으로 대승을 거뒀는지다 그러니까 단순히 이순신과 전투씬에 충실하면 되는데 그 둘 전부 한산에선 실종됐다 오히려 이순신 고증은 명량이 더 나았다 반대로 한산은 전투씬은 슬로우비디오를 많이 안 써서 명량보다는 나았지만 수박겉핡기식의 이순신 표현은 정말 실망이다 중요한 장군의 지시를 기다리는 중요 장군 회의 때 그냥 아무 대사 없이 사라지는 모습 등 대사를 최대한 줄이려는모습이 의아했다 그리고 많은 관람객을 끌어모으기 위해 15세 관람가로 만들었는데 다시 말하지만 명량 한산 노량 해전은 전투씬이 이 영화의 전부라고 해도 과언이 아니다 그런데 잔인한 장면은 최대한 없앴으니 전투씬이 밋밋하다 일본군을 너무 약하게 표현한 것도 문제다 노량도 같은 시기에 동시에 촬영했기에 별반 차이가 없을 것이라 본다 그리고 일본군 표현은 일본 배우가 했었으면 정말이지 좋았을 거라고 생각한다 캐스팅의 한계는 있겠지만 명량의 준사를 연기한 오타니 료헤이 같은 배우가 없지는 않을 것이다 아니면 일본 무명 배우를 서도 되지 않았는가 부자연스러운 일본어 연기가 관람을 방해했다 명량 한산 노량 이 작품의 이순신이 모두 다르 듯 감독도 다른 감독이 했으면 어땟을까 한다 바라보는 시각과 관객들로 하여금 감독에 대한 기대도 컸을 텐데 개인적으로 곡성의 나홍진 감독이 한편 만들었으면 어떤 식의 임진왜란으로 묘사했을지 궁금하다 암튼 이번 한산도 나는 실망이다 명량은 정말 애국심에서 모두들 봤지만 한산은 명량에서의 부족함을 어떻게 보완했을지가 중요한데 전혀 나아진 게 없어서 그게 관객 숫자로 이어졌다고 생각한다,0
9766,전편을 안 봐도 이해에 무리 없지만 현빈과 다니엘 헤니 얼굴만 밀어붙이고 알맹이가 부실,0
9767,감동 그 자체입니다~ 대스타를 키워가는 연출력이 돋보이네요~,1
9768,진짜 너무 재밌어여 이렇게 재밌는 영화 너무 오랜만 일단 얼굴이 대유잼 ;  얼굴이 재밌어서 보는 재미가 있고 ;; 그리고 ;; 얼굴이 재밌다 스토리도 재밌고 좋지만 현빈 나올때 ㅋㅋ ㅠ 사람들 허억 했다가 다니엘 헤니 나오니까 소리지르고 ㅋㅌㅌ 잘생긴 사람이 2명이니까 너무 조앗어열 그 사이에 낀 유해진도 웃겨여,1
9769,의미 없는 반전에서 반전(反對) 찾기,0
9770,인생 영화. 여운이 길게 남는다.,1
9771,연기는 명량의 승! 스토리나 재미는 한산!! 스트레스 풀리는 전투씬!,1
9774,완성도가 일단 엉망이고 이제 보니 후시 녹음이라 최민수 목소리도 아니네 비주얼 땜시 주연 된 듯,0
9775,좋은 작품 조금 아쉬운 건 코믹 영화이지만 너무 유치해서 중반부까지는 긴장감이 떨어짐 후반부에 영화를 살림,0
9776,3도 제작해주시면 안되나요 ㅠㅠ 진짜 유쾌 상쾌 통쾌 남자가 봐도 멋있고 잘생긴 배우들 사이에서 꿀리지 않고 빛나는 유해진 님 멋있고 현빈 님 서윗서윗 다니엘 님도 그냥 말이 필요 없는 연기력 그리고 윤아 님은 사랑입니다,1
9777,주책맞게 애 옆에서 질질 짬 ㅋㅋ 까투리 엄마의 독박 육아 만랩스킬~,1
9778,극장에서 관람한다 해도 후회 없는 선택 강추,1
9779,변요한으로 시작해서 변요한으로 끝난 듯 연기,1
9780,한국 영화의 치욕 그냥 제작사 돈벌이 영화,0
9781,초1 아이도 보다가 나가고 싶다고,0
9783,아주 오랜만에 엄청 웃고 나온 영화,1
9784,깊습니다. 깊이 스며드네요.,1
9785,눈이 너무 행복했어요 제 귀가 녹아서 사라지는 줄 알았어요 눈과 귀를 청소하고 싶다면 당장 달려가세요,1
9786,그래비티와 인터스텔라가 저절로 생각나네,1
9787,명절에 가족이 다같이 봤어요 재밌어요,1
9788,그냥 보는 내내 울컥함 감사합니다 나라를 지켜주셔서,1
9789,정말 오랜만에 영화에 흠뻑 취함,1
9791,찌질한 한국형사 엘리트 북한형사 ㅋ 2022년 아직도 이런 영화가 나온다는 게 놀랍다 ㅋㅋ,0
9792,한스 대령의 스산한 친절,1
9793,그냥 대박 짱 잘 생겼네요. 너무 잘생겨서 입에서 침이 나왔어요 입을 다물지 못할 정도로 잘생겼다는 그런~~,1
9794,재미있게 봤는데 뭔가 2%가 부족한 느낌이지만 명절때 보기 편한 영화임에는 틀림없는 영화다.,1
9795,너무 재밌어요. 보는 내내 킥킥 거리다 나왔네요. 최고♡♡,1
9796,아이랑 보러 갔다가 눈물을 흘리는 나를 발견 ㅎㅎ 부모에게도 교육적으로 좋은 것 같습니다! 스토리가 감동적이고 엄마 까투리가 구사하는 언어! 그야말로 육아 시 언어교본이라 해도 될 만큼 최고입니다.,1
9797,유쾌하고 스토리 전개가 재밌습니다. 뻔한 소재인데 뻔하지 않고 지루하지 않게 웃음 팡팡~! 잘 만들었네요~!,1
9798,연기력 좋아요,1
9799,N차 하길 잘 한거 같아요,1
9800,잘 봤습니다,1
9801,재미있었요!! 645만큼 잼났어요,1
9802,노잼 선언 아놔 십자 십자 십자,0
9803,김호중 음악을 하는 동안 고생과 어려움의 다큐~ 노래 진심과 웅장함이 어울려 이태리와 교합이 되는 최고의 작품입니다 재미를 함께하는 김호중과 작곡들의 생활 재미도 다합니다 두 번 관람하며 더 이해가 되는 인생은 뷰티풀 감동의 영화입니다,1
9804,역시 위대한 장군님...!!,1
9805,b급 개그코드에 웃음짓는 나를 발견 b+드립니다,1
9806,음악과 영상미만 좋음 미녀와 야수 등 이런 저런 작품을 오마쥬 한듯 하지만 스토리의 개연성이 없어 그냥 짬뽕 느낌,0
9807,저번에 코로나로 있었던 일 풍자로 넣었던데 영화 보다가 이렇게 역한 감정 느끼기 오랜만이네 쓰레기 영화 상황이 같냐 이게,0
9808,이 영화는 영상미가 좋다. 배우들의 얼굴이 그들의 미묘한 케미가 영상미랄까. 그리고 액션씬이 불편하지 않고 딱 보기 좋은 개취라 좋았다. 요즘 사람 때리는 소리를 너무 리얼하게 혹은 더 과장되게 후처리하는데 너무 잔인하게 느껴졌기 때문이다. 액션씬에 등장하는 강한 비트의 브금도 신선했다. 또 볼 의향 100프로 영화!,1
9809,출연배우가 너무 화려해서 대작 나올거 같은데 스토리가 너무 개연성 없이 전개되어 공감이 떨어진다. 2시간 넘는 작품하기엔 몰입감도 떨어진다.,0
9810,노래 잘하는 가수 맞네요. 가수에 대해 좀 더 알게 된 점도 좋았어요.,1
9811,0점 없음? 평점할 가치도 없는 그냥 쓰레기,0
9812,잼나유 전라 경상 싸우지마요,1
9813,그냥 배우들 얼굴만 봐도 꿀잼인데 웃음 포인트며 스토리 전개며 부족한 게 없음,1
9814,킬링타임용이란 말을 쓰려니 내 타임한테 너무 미안해지는 영화. 여배우는 안 예쁘고 남배우는 아깝고 스토리의 그 어떤 것도 납득이 1도 안 되잖아. 진짜 로미오와 줄리엣이 벌떡 일어나겠다. 제발 그들을 이런 영화에 이용하지 말아주라 감상 포인트 없는데 선택 안 하면 감상평 등록이 안 되는 것도 어떻게 좀 해주길,0
9815,큰 기대 안 하고 봤는데 재미있었어요,1
9816,가끔은 극장도 괜찮은 것 같다.,1
9817,한 편의 영화로 인간성의 여러 면을 볼 수 있었다.,1
9818,전반은 약했지만 후반은 선방한,0
9819,열심히 연기했지만 스토리도 나쁘지 않은데 엉성한 편집과 툭툭 끊기는 진행 감독과 편집의 문제라고봄,0
9820,중학생 아들과 보았는데 모두 재밌다고 하네요. 윤아가 사이다 같은 역할을 하네요. 웃깁니다 ^^,1
9821,초반 너무 잼 있음 중반 어? 이게 이렇게 간다고? 후반 음 까비~!!,0
9822,이 영화는 매우 감동적이다. 프랑스(그리고 세계)의 현실을 묘사한다.,1
9823,정말 짱이였어요. 공조1보다 재밌었어요!!,1
9824,별하나 헤니 별둘 비니 나머지 반 개는 액션에 줍니다. 말 안 되는 설정 투캅슨가 싶은 촌스런 유머코드 때문에 손발이 오그라들어 펴가면서 봤어요 ㅋㅋ 그리고 생각보다 시간은 곧잘 가더라구요 그냥 흐린눈하고 잠깐만 뇌는 빼놓고 보자 하면 볼만해요 넷플릭스용이긴 합니다 15000원짜린 아니네요 두 분이 아무리 대존잘이어도 ㅋ,0
9825,시간 가는 줄 모르고 봤네요. 다시 봐도 재밌습니다. 아직 안 보셨다면 강추 합니다~,1
9826,뻔한 맛!! 남는 게 없음,0
9827,알바 존내 많네 진짜 ㅋ,0
9828,무엇보다 오슬로가 멋지게 담겨서 보는 내내 즐거웠습니다. 대사 한줄한줄 모두 공감이 갔고요. 호불호는 갈릴 듯. 저는 재밌게 관람했어요!,1
9829,1988년대를 상상해서 만듦.,0
9830,재미 추구 편집은 어딘가 엉성 ㅡ.ㅡ;,0
9831,오랜만에 본 해외 영환데 재밌엇네요,1
9832,억지 감동 연출 최악이네요 시간 아까움 ㅡㅡ,0
9833,1점도 아까워요 개연성 제로 공감 안 되는 전개 억지 신파 이상한 연출로 극의 긴장감 1도 없음 아아아 이걸 본 내 시간 너무 아까워요 ㅜㅜ,0
9834,그냥 봐 재미있움 알겠지??,1
9835,액션 영화인데도 평론가 평점이 높은 이유가 있네요. 역대 천만 영화들보다 더 재밌게 본. 천만 안 넘긴 게 이해가 안 갈 정도.,1
9836,40분까지만 몰입도 있고 그 뒤로는 정말 최악이네요 처음에는 공들여서 만들다가 뒤로 갈수록 귀찮아서 대충 마무리하고 치운 느낌,0
9837,영화 초반부터 토르와 가오갤 멤버들의 꿀 티키타카부터 사원 무너질 때 그 외계인 수장 표정에 이미 입이 귀에 걸린 채로 시작함! 중반, 후반도 풍부한 영상미와 꿀잼 스토리로 진짜 대만족스럽게 시청했다. 제인의 죽음 이후 발할라로 갈 수 있게 해준 묠니르에게 큰 박수를 보낸다!,1
9838,심달기 배우가 연기를 잘한다.,1
9839,웃음 연기 다 좋습니다~ 웃음보따리 이런 시간을 줘서 감사한 영화다.,1
9840,명절 할아버지부터 초등학생까지 가족 총출동해 모두들 너무 재미있게 봤어요. 가족들 모두 좋은 시간 되서 감솨,1
9841,헛된 사랑이 아니었기를,1
9842,다니엘 헤니와 현빈의 얼굴이 재밌고 멋져요,1
9843,좋.았.다.,1
9844,아주 그냥 영화 감독들 납셨다. 재밌게만 하더만.,1
9845,OST만 들어도 좋다.,1
9846,재밌게 보았다.,1
9847,조용함의 이중성,1
9848,한국판 트랜스포터,1
9849,전형적인 그저 그런 영화가 안 될려다가 그저 그런 영화도 안 된 영화. 그래도 영화 다 보고 많이 생각에 빠지게 만드는 미스테리한 영화. (관상과 같은 연출자라니 주연이 많은걸까 조연이 많은걸까 전도연은 나이가),0
9850,소년성장물의 느낌이 강하나 소년의 연기가 굳 가끔 놀라는 장면 나옴 무난히 볼만 해요,1
9851,통일이 무엇이디? 보고 싶을 때 보는 거이디 -극중 북한군 역할 이순원 배우님,1
9852,1인칭 게임을 영화로 보는 기분,1
9853,재미와 안타까움. 만감의 교차,1
9854,성인 되고 나서 처음 보는데 더 말할 필요가 없다 한국영화 최고 내 인생 영화 됨 이렇게 좋은 영화를 이제서야 알게 되다니 ㅠㅠ,1
9855,초반은 괜찮았는데 후반은 개똥망,0
9856,처음에 나오는 해외 폭발신은 정말 나라의 위상이 좋아졌구나 하는 생각이 들었으나 북한 스파이랑 공조를 한다 친북적인 요소가 좀 보여서 이성적으로 성숙하지 않은 사람들이 보기에는 무서운 영화네요,0
9858,너무 뻔한 스토리. 억지로,0
9859,별로 재미가 없네요 딱히 왜 유행한지 모르겠습니다,0
9860,개연성 떨어지고 너무 급하게 정리하려는 마무리 사실 다들 웃기다고 하는데 잘 모르겠다 내가 웃음이 줄어들었나 봄,0
9861,그냥 잘생김 너무 잘생김 마지막에 윤아랑 스킨쉽을 원했는데,1
9862,한국 느와르 중 수작이다,1
9863,재밌게 봤어요 ㅎㅎ,1
9864,아무도 없는 객석을 노린걸까?,0
9865,가족들과 편하게 볼 수 있는 코미디 액션,1
9866,신파를 지독히도 싫어하는 나에게 눈물을 자극하려는 장면에서 인상이 찌푸려질 정도는 아니였는데 그것이 코로나를 최근 겪은 입장이라 그런지 아니면 숱하게 망한 영화라고 들어서 무뎌진 것인지 최악의 느낌이라는 생각은 들지 않았다.,0
9867,유쾌하고 재미있어요 유해진 현빈 다니엘 허니 모두 멋짐 폭발,1
9868,코로나로 인한 바이러스의 위험성을 소재로 한 재난영화 괜찮게 봤어요 .특히 비행기 내부의 극한 상황 연출이 너무 실감나고 와~ 우리나라에서 이런 연출을? 싶을 정도로 실감났어요. 생화학바이러스를 이용한 테러나 전쟁 등의 폐해 위험성 등을 이번 코로나 팬데믹 상황도 맞물려 많은 사람들이 바이러스에 대해 생각하고 위험성을 느끼고 있는 요즘 시기에 생화학바이러스테러를 비행기 내부로 축소시켜 제한된 공간 안에서 벌어지는 상황들을 잘 보여주신 거 같아요 비행기 내 생화학바이러스 테러로 인한 영화로 보여 줄 수있는 부분은 많이 보여주신거 같아요. 괜찮게 봤어요.,1
9869,내용도 내용이지만 일단 캐스팅이 잘못,0
9870,초중반까지는 볼만하다가 후반부 갈수록 점점 개연성 없는 설정에 한숨만 나오다 마지막 뜬금 없는 집단자살 설정과 영상통화 신파극 연출에 충격 먹음. 배우들이 아깝다 정말.,0
9871,너무 유치함 보고 실망,0
9872,왜 한효주가 나와서 ㅠㅠ,0
9874,공조1보다 더 재밋게 봤네요,1
9875,한효주 연기 때문에 감정이 깨짐,0
9876,전반적으로 유치하였으며 너무 뻔했습니다. 공조1은 재밌었는데 실망이 컸습니다. ㅠ,0
9877,아이들이랑 간만에 극장 왔는데 런님타임 시간 동안 웃고 가네요. 유익한 시간이었습니다.,1
9878,시간 가는 줄 모르고 재밌게 봤어요!!,1
9879,음악과 영상 스토리까지 감동을 주는 힐링되는 시간입니다 김호중 가수님의 만개할 날을 응원합니다,1
9880,말도 안 되는 최고의 영화,1
9881,1편보다 더 재미있네요,1
9882,이정재 감독님과 정우성 배우님께 존경의 마음을 담아 박수를 드립니다. 많은 것들을 생각하게 하는 영화였습니다. 마지막까지 그 OOO을 즉시 처단하길 바라긴 했습니다 간절히. 영화에서라도 ㅎㅎ,1
9883,재미없다 이런 영화에 출연한 배우들에게 실망이 크다,0
9884,실제 인물을 바탕으로 꾸며낸 이야기. 메이커 2인자 숨은 조력자의 시선을 잘 나타내었다. 3개의 선거를 한 영화에 담으려다 보니 피로감이 몰려왔다. 영화의 지역갈등처럼 수단이 목적을 잡아먹는 순간이 오기도 한다. 언제 끝날지 모르는 싸움을 붙였다 라는 대사가 기억에 남는다.,1
9885,존나 재밌음 꼭 보세요,1
9886,아이들의 세계 뿐 아니라 사람의 세계를 그린 영화라 할 수 있음. 인간 관계에 관한 유치하지만 진짜 속내. 어린이라 원초적이고 직접적이지만 어른이라고 크게 다르지는 않지. 아이들 연기 잘했습니다. 보고 난 후 내내 기억 남네요,1
9887,몇 번씩 웃게 되는 포인트는 있으나 영화의 완성도 자체는 머리 속으로 이렇게 해보면 재밌을거 같지 않냐?라고 떠올린 구상을 그냥 스케치북 위에 그린 느낌.,0
9888,영화 끝나갈쯤 대사에 북한이 약자에게 10억 기부한다 절대 그럴 리 없음 공산주의란 게 말만 공평이지 현실은 지들 해쳐먹는데 바쁨,0
9889,딱 디즈니플러스 스트리밍용으로만 괜찮음 ㅋㅋ 베일좌 눈물,0
9890,어이없는 중국식 드립. 한결같은 바보 일본군. 철지난 성룡 리액션. 중국 전쟁영화의 현수준.,0
9891,정치에 대한 이야기라서 무거운 느낌일 줄 알았으나 마지막에는 감동이 느껴집니다. 배우들의 연기도 좋고 연출도 괜찮아서 볼 만합니다,1
9892,영화가 관객에게 감정을 강요하는 대표적인 사례. 반대쪽 사례로는 오스야스지로의 영화.,0
9893,진짜 너무너무 재밌어요 최근이 봤던 영화중에 젤 재밌습니다,1
9894,아 최고예요 진짜 ㅜㅜ,1
9895,진짜 재밌어요 진짜예요,1
9896,걍 가족끼리 보면 잼나는 영화! p.s. 남측 장교 계급 설정의 디테일이 아쉬움. 보통 소초장은 소위/중위가 하고 대대장은 중령이 하는데,1
9898,재밌다는 입소문 듣고 영화 보러갔다가 초반부에 너무 재미없어서 같이 간 가족들한테도 미안하고 시간 아깝다는 생각을 하고 있었는데 중반부에 빵터지는 장면들이 꽤나 나와서 만회했어요 ㅋㅋ 뭐 이런 대놓고 코미디 영화는 이런 맛에 보긴 하죠.,1
9899,추석 영화 다웠습니다. 액션 좋았구요,1
9901,세기 최고의 음악 다큐 영화가 아닐까합니다. 눈호강 귀호강 마음호강 최고의 주연 배우 가수와 스토리!,1
9902,감동 지수는 없는데 마지막에 키 없으면 안 됬는데 드론으로 올릴 생각은 전혀 하지 못했다 ㅎㅎ,1
9903,2022 최고의 영화 ㅈㅂ,1
9904,현빈 얼굴도 넘 잘생겼는데 피지컬도 대박 액션씬 진짜 너무 멋짐 우리나라 배우 중 젤 멋진 듯,1
9905,오랜만에 너무 재밌게 봤음 처음부터 끝까지 웃느라 정신없는 영화,1
9906,잔잔한데 예측할수 없는 스토리 팀로스의 텅빈 눈빛연기 좋았다,1
9908,주영호 배우분의 연기 활동을 응원합니다,1
9909,배우들의 연기와 스토리의 진행성이 매우 상당하고 좋았어요 ㅎㅎ,1
9910,짧아서 아쉬운 기대되는 캐스팅,1
9911,일단 세 남자의 비주얼이 매력적이다. 액션은 아쉽지만 시원시원하다. 스토리는 유쾌하다. 재미있다.,1
9912,진짜 존잼입니다,1
9913,강추 강추 후회하지 않을 것이에요. 넘 재밌어서 계속 가족들이 이야기했습니다.,1
9914,요즘 볼만한 영화 없었는데 재밌습니다,1
9916,재밌음~~ 또 보고 싶어요,1
9917,어쩜 2분 다 그렇게 멋있는지~ 1보다 2가 더 멋찜 폭발!! 또 생각나는 영화 또 보고 싶다.,1
9920,우영우에 나온 악변의 풋풋한 모습,1
9921,영화가 주는 메세지나 의미는 없다. 그렇다고 그렇게 무섭지도 않다. 킬링타임용으로는 괜찮다.,0
9922,무거운 주제인데 큰 신파 없이 그나마 프랑스라서 이렇게 표현할 수 있지 않나 싶다,1
9923,영화가 가볍고 유쾌하다. 편안하게 보고 웃으며 나왔다. 여럿이 함께 봐야 더 재미가 있는 영화다.,1
9924,중반을 지나 후반에 전투신에서 그 모든 게 씻겨졌음.바다 한가운데서 거북선등장.특히 안개속에서 용머리가 등장하는 씬은 소름~학익진은 거들뿐.국뽕이 절로 생겨났고 멋있고 그당시 일본군들이 왜 거북선만 보면 지렸는지 알거 같았음. 카리스마~ 일본군함 쓰러질때 통쾌하고 짜릿했음. 그리고 배밑에서 힘들게 노를 저었던 그 분들도 다시 한번 생각해 볼 수 있는 영화였음.,1
9925,재밌었습니다!!,1
9927,지루하고 노잼이었다 ㅜ 하품남,0
9928,시간 때우긴 좋으나 너무 억지 전개가 심함 북한을 조금 좋게 표현하는듯 보여 조금 보기 불편함,0
9929,넘 재밌게 봤어요! 액션 요소 재미 요소가 더 늘어났어요!,1
9930,다양한 액션이 좋았습니다.,1
9931,킬링타임으로 휴일에 보기 좋음,1
9932,감독 연출력과 스토리에 비상선언이다,0
9933,가족 모두 웃으며 잘 봤습니다 ^^,1
9934,김호중 인생은 뷰티풀: 비타돌체 흔치 않은 웰 메이드 음악 다큐. 가수 김호중의 노래와 그의 내면의 소리를 들을 수 있는 수작. 한 편의 콘서트를 보듯 아름다운 이탈리아의 풍광과 함께 엿보는 김호중의 속내. 그의 아픔.,1
9935,이딴 스토리가 뭔 2시간이나 하는지 모르겠음. 쓸데없는 감동 유발씬들 없으면 1시간 나올듯 ㅋㅋ,1
9936,대한민국 영화 수준이 매우 높았는데 갑자기 너무 낮아졌어요. 보는 내내 창피해서 도망가고 싶었습니다.,0
9937,이게 벌써 14년 전 영화인데 지금 화류계랑 분위기가 다르지 않음 스마트폰 쓴다는 거랑 패션이 좀 다른 거 말고는 진짜 하나의 다큐다 향후 10년에도 여전히 현실 화류계 싱크 90퍼 이상일듯 20년 더 지나야 아 옛날 영화네라고 할라나,0
9938,시나리오 수준 미달 개연성도 부족하고 배우들이 너무 아깝다,0
9939,너무 웃김. 간만에 극장에서 크게 웃었음~,1
9940,영화에 문자 그대로 완전히 빠져든다. 너무나 멋진 영화.,1
9941,배꼽 빠지는 줄 알았어요 ㅋㅋ,1
9942,정말 웃긴데 너무 재밌음 또 보고싶다,1
9943,감독이 돈이 많은 게 확실해,0
9944,스토리가 단순해도 캐스팅도 잘 됐고 대진운까지 좋아서 천운(?)을 타고난 영화다 ㅎㅎ,1
9945,마지막 케냐 공항에서 서로 갈라지는 앵글 연출 인상적이네요,1
9946,다니엘 헤니 현빈만 찾지 말고 우리 해진이 형도 찾아주세요 해진이 형 섭섭하잖아요ㅎㅎ,1
9947,내용이 단순한 것은 맞으나 쉽게 볼 수 있는 영화임 저는 보는 내내 즐거웠음,1
9948,진짜 OOOO 요즘 한국 넷플릭스 수준 ㅜ,0
9949,흠 프랑스 시리즈 Into the Darkness라는 비행기 스릴러 눈꼽만큼이라도 따라갈 줄 알았건만 봉감독의 말씀이 떠오른다. 영화는 싸구려 프로파간다의 도구가 되어서는 안된다.,0
9950,아이들 입장에 대입해서 보다보니 소름돋는 연출이라 생각하며 재밌게 봤어요. 공포 영화라기보단 공포를 살짝 가미한 스릴러? 무서운 장면은 그리 많지 않았어요.,1
9951,연휴를 공조2와 함께 즐겁게 보냈어요 1편보다 더 나은 2편인듯~ 보고 또 다시 봐도 웃음과 감동이 그대로~,1
9952,흥미로운 소재 좋은 이야기!,1
9953,흥미로운 이야기 좋은 소재!,1
9954,흥행한 거보다 재밌게 잘 만든 액션 영화,1
9955,다니헬헤니 현빈 멋있음,1
9956,배우들의 연기가 돋보였던 최근 본 영화 중 가장 재미있었다,1
9957,처음부터 끝까지 군더더기 없이 깔끔한 흐름에 유쾌 상쾌 통쾌+심쿵~♡♡ (며칠이지나도 가시지 않는 심쿵) 넘 잘만들었음~^^,1
9958,하고자 하는 말이 무엇인가요,1
9959,코미디 나만 유치했나 특히 도청하던 여자 포스트잇 붙이는 신 개그 너무 유치,0
9961,현빈의 마지막 한마디는 최고의 한방입니다 안 보신 분들 꼭 보세요 넘 잼나고 잘 만들었어요 최고 배우님들의 액션 꼬~옥 느껴보세욤^^,1
9963,역시 김호중!! 천재적인 테너!,1
9964,단순한 오락 영화로 보기엔 좋은데 오락 영화인 거 감안해도 개연성이나 설정들이 조금 어설펐던 것 같아요. 결말도 뭔가 허무하고 그래도 빵 터지는 부분들이 많아서 괜찮았던 것 같아요,1
9965,김호중 테너의 가창력은 정말 최고네요 천가지 노래에 천가지 목소리를 내는 소리의 귀재 최고의 노래 능력자라는 생각이 들어요. 영화 관람 내내 경외심을 갖고 들었습니다.,1
9966,김혜수 배우 때문에 봤는데 태어나서 본 영화 중에 제일 재미가 없었습니다. 후회되고 화가 나네요,0
9968,그낭 고급스러운 한국 영화,0
9969,주인공인 라라가 눈물을 흘리며 우는 장면이 없는데도 영화가 끝나면 라라의 우는 얼굴만 계속 생각이 난다 온힘을 다해 그녀의 앞날을 응원하고 싶다,1
9970,역대급 최악의 유치함으로 범벅된 한심한 영화. 어떻게 이딴 영화를 찍을 수 있는지 궁금함,0
9971,1점도 아까워 내 시간이 너무 아까움 안 본 눈 돌려줘,0
9972,이토록 긴장감 없는 싱크홀은 처음,0
9973,당시 해외 파견된 공무원들의 고생담과 실제 해외로케로 고생한 배우들의 값진 결과가 낳은 가치있는 영화,1
9974,아주 날로 먹는구만 관람 후 편두통 ㅎㅎ,0
9976,신선함과 식상함의 아슬아슬한 줄타기,0
9978,탕웨이의 한국어 딕션과 발성은 너무 엉망이라 뭔 소리를 하는지 이해가 안 되는 전반적으로 지루함.,0
9979,오랜만에 시간 가는 줄 모르고 봤다. 그냥 편안하게 재미있는 영화,1
9980,반일 반미 전형적이 좌파스럽고 억지스러운 스토리 전개. 동맹국이 여객기에 위협 사격을?,0
9981,주원 죽으라고 만든 거 같은데 절대 안 죽네 ㅋㅋ 카메라 워킹 첨에만 이런 줄 알았는데 끝까지 이러네,0
9982,간간한 재미 코드와 일단 현빈과 다니엘에 진짜 입꼬리가 안 내려가서 남자친구한테 혼났습니다 영화도 너무 스릴넘고 재밌는데 얼굴이 너무 잘나서 재밌다는 걸 이 영화를 보고 이해했어요 감사합니다,1
9983,굳이 호화 캐스팅이 필요 했을까? 그리고 대한민국의 넘버원! 배우들의 연기도 억지스러웠다 시나리오를 보지 않고 캐스팅을 수락한 거 아닐까? 하고 의심이 들정도로,0
9985,쓰레기 중에 쓰레기 역사상 최악의 영화다,0
9986,암 주제에 타고난 체술과 격투 실력 및 총알도 피하는 반사신경 훈련이나 가르침 받은 거 하나 없이 혼자서 수십 무장 경찰들을 초토화 해버리는 싸움실력과 즉각적인 상황 대응능력 그리고 밀리지 않는 호전적인 말빨까지 ㄷㄷ 이정도면 암이 아니라 투신 아님?,1
9987,잡히면 죽는다는 공포에 휩싸였다면 폰에 위치 설정부터 끄고 나대지 말고 아무도 믿지 말고 가족이고 친구고 다 잊고 최대한 멀리 도망가야 된다,1
9988,누가 뭐라 해도 나에겐 이해하기 쉬웠던 영화 불편한 마음을 있는 그대로 받아들일 때 이해할 수 있는 영화 이해하려는 마음을 가진 사람만이 공감할 수 있는 사람,1
9989,내 생애 최고의 영화를 볼 수 있어 나는 행운아다,1
9990,왜 내 평점 쳐 지웠냐 쓰레기 쓰레기라 말도 못함??,0
9991,주원 얼굴부터가 오글거림 ㅋ ㅋ ㅋ,0
9992,간만에 관객들이 다같이 웃음 터지면서 볼 수 있었던 영화. 추석 겨냥해서 잘 나왔는데 극장비가 좀 저렴했더라면 천만까지는 아니더라도 오백만은 훌쩍 넘겼을 것 같다,1
9993,집어치워라 그냥 시대가 어느 때인데 클리셰를 뭔 다 뻔한거를,0
